repo_name,language,fixture_count,commit_count_with_fixtures,first_fixture_commit,last_fixture_commit,clone_url,agent_commits_touching_tests,rejected_mixed_test_diff,accepted,created_at,topics
1095071913/maozi-cloud-parent,java,0,0,,,https://github.com/1095071913/maozi-cloud-parent.git,0,0,0,2019-08-15T09:24:01,"[""devops"", ""k8s"", ""serverless"", ""servermesh"", ""springcloudalibaba""]"
AlexProgrammerDE/SoulFire,java,0,0,,,https://github.com/AlexProgrammerDE/SoulFire.git,23,13,10,2021-07-18T08:51:24,"[""bot"", ""minecraft"", ""minecraft-bot"", ""minecraft-bot-attack"", ""minecraft-botting"", ""stress-testing""]"
AugmentOS-Community/AugmentOS,java,11,7,58e3526b859f76f0c8bbeee0cac1765a12521e11,1c8942e69dde636c4eb5b8d181408d62810a6d9b,https://github.com/AugmentOS-Community/AugmentOS.git,59,24,35,2023-08-12T07:18:38,"[""activelook"", ""conversational-ai"", ""rayneo"", ""smart-glasses"", ""smartglasses"", ""vuzix"", ""vuzix-shield"", ""vuzix-ultralite"", ""wearable"", ""wearables""]"
AxonIQ/AxonFramework,java,0,0,,,https://github.com/AxonIQ/AxonFramework.git,0,0,0,2011-12-02T04:04:42,"[""cqrs"", ""dcb"", ""ddd"", ""domain-driven-design"", ""domaindrivendesign"", ""dynamic-consistency-boundary"", ""dynamicconsistencyboundary"", ""event-sourcing"", ""java"", ""message-driven"", ""performance"", ""scalability""]"
Canner/wren-engine,java,12,5,7f70daec16069ab260349c79519b7c726303898f,bdaddf25bb9c10287b7f2062e727c26ac0e76303,https://github.com/Canner/wren-engine.git,18,10,8,2022-05-09T07:07:45,"[""agent"", ""agentic-ai"", ""ai"", ""business-intelligence"", ""data"", ""data-analysis"", ""data-analytics"", ""data-lake"", ""data-warehouse"", ""hacktoberfest"", ""llm"", ""mcp"", ""mcp-server"", ""semantic"", ""semantic-layer"", ""sql""]"
KouShenhai/KCloud-Platform-IOT,java,0,0,,,https://github.com/KouShenhai/KCloud-Platform-IOT.git,0,0,0,2023-01-12T06:53:54,"[""ddd"", ""elasticsearch"", ""grpc"", ""influxdb"", ""iot"", ""kafka"", ""modbus"", ""mongodb"", ""mqtt"", ""mybatis"", ""mybatis-plus"", ""nacos"", ""netty"", ""redis"", ""spring-boot"", ""spring-cloud"", ""spring-cloud-alibaba"", ""spring-security"", ""tdengine"", ""timescaledb""]"
LegacyLands/legacy-lands-library,java,0,0,,,https://github.com/LegacyLands/legacy-lands-library.git,8,4,4,2024-12-18T01:08:39,"[""bukkit"", ""bukkit-library"", ""folia"", ""folia-library"", ""folia-plugin"", ""folia-plugins"", ""folia-server"", ""java"", ""library"", ""minecraft"", ""minecraft-library"", ""minecraft-plugin"", ""minecraft-plugin-api"", ""minecraft-plugin-library"", ""minecraft-plugin-utility"", ""minecraft-plugins"", ""minecraft-server"", ""spigot"", ""spigotmc""]"
ModelEngine-Group/fit-framework,java,2,2,356190c8a3905cf6341c8224a5dc1dd589cb0b1d,b3166e82b75dd7fef8fe45adccb736da9e523711,https://github.com/ModelEngine-Group/fit-framework.git,14,11,3,2025-02-22T08:20:15,"[""agentic-ai"", ""ai"", ""java"", ""plugin"", ""plugin-system"", ""python""]"
OpenAEV-Platform/openaev,java,0,0,,,https://github.com/OpenAEV-Platform/openaev.git,0,0,0,2016-09-12T11:36:20,"[""adversary-emulation"", ""adversary-exposure-validation"", ""aev"", ""attack-simulation"", ""breach-simulator"", ""cybersecurity"", ""purple-team""]"
OpenBAS-Platform/openbas,java,1,1,df23bbf1d855e0cdc5654b986514b49620e970ce,df23bbf1d855e0cdc5654b986514b49620e970ce,https://github.com/OpenBAS-Platform/openbas.git,11,9,2,2016-09-12T11:36:20,"[""adversary-emulation"", ""adversary-exposure-validation"", ""aev"", ""attack-simulation"", ""breach-simulator"", ""cybersecurity"", ""purple-team""]"
OpenFeign/querydsl,java,1,1,b43432f5abb6346a249730c1fd13b92df380bb61,b43432f5abb6346a249730c1fd13b92df380bb61,https://github.com/OpenFeign/querydsl.git,2,0,2,2023-10-29T08:49:50,[]
PBH-BTN/PeerBanHelper,java,0,0,,,https://github.com/PBH-BTN/PeerBanHelper.git,0,0,0,2024-02-07T02:35:16,"[""biglybt"", ""bitcomet"", ""bittorrent"", ""deluge"", ""dt-torrrent"", ""dt0001"", ""gt0002"", ""gt0003"", ""hp-torrent"", ""hp0001"", ""peerbanhelper"", ""qbittorrent"", ""transmission"", ""xl0012"", ""xl0018"", ""xl0019"", ""xm0001"", ""xunlei""]"
ReactVision/viro,java,0,0,,,https://github.com/ReactVision/viro.git,0,0,0,2020-11-27T12:40:37,"[""android"", ""ar"", ""augmented-reality"", ""blacklivesmatter"", ""expo"", ""ios"", ""mixed-reality"", ""nowar"", ""react-native"", ""viro-community"", ""viroreact"", ""virtual-reality"", ""vr"", ""xr""]"
StarRocks/starrocks,java,50,23,a5528963b068144555b85dc66e5782b65bc29cf4,bc38569b87eb29f33abf0e3f1e091934dbd4e352,https://github.com/StarRocks/starrocks.git,422,104,318,2021-09-04T02:29:35,"[""analytics"", ""big-data"", ""cloudnative"", ""database"", ""datalake"", ""delta-lake"", ""distributed-database"", ""hudi"", ""iceberg"", ""join"", ""lakehouse"", ""lakehouse-platform"", ""mpp"", ""olap"", ""real-time-analytics"", ""real-time-updates"", ""realtime-database"", ""sql"", ""star-schema"", ""vectorized""]"
Stirling-Tools/Stirling-PDF,java,0,0,,,https://github.com/Stirling-Tools/Stirling-PDF.git,0,0,0,2023-01-27T06:22:42,"[""docker"", ""hacktoberfest"", ""java"", ""pdf"", ""pdf-converter"", ""pdf-editor"", ""pdf-manipulation"", ""pdf-merger"", ""pdf-ocr"", ""pdf-tools"", ""pdf-web-apps"", ""pdfmerger"", ""self-hosted""]"
Sunagatov/Iced-Latte,java,0,0,,,https://github.com/Sunagatov/Iced-Latte.git,0,0,0,2022-12-09T02:00:14,"[""docker"", ""java"", ""jwt"", ""kubernetes"", ""log4j2"", ""lombok"", ""maven"", ""postgresql-database"", ""postman"", ""sonarqube"", ""spring-boot"", ""spring-data-jpa"", ""stripe""]"
XXieYiqiang/SoakUpTheSun,java,0,0,,,https://github.com/XXieYiqiang/SoakUpTheSun.git,0,0,0,2025-11-27T02:20:46,[]
Xed-Editor/Xed-Editor,java,0,0,,,https://github.com/Xed-Editor/Xed-Editor.git,0,0,0,2024-02-21T06:15:55,"[""android"", ""android-app"", ""android-application"", ""android-studio"", ""code"", ""code-editor"", ""code-editor-mobile"", ""codeeditor"", ""fileviewer"", ""mobile-ide"", ""note-taking"", ""notes-app"", ""text-editing"", ""text-editor"", ""todo-app"", ""todoapp"", ""todolist"", ""xed-editor""]"
activiti/activiti,java,0,0,,,https://github.com/activiti/activiti.git,4,3,1,2012-09-13T11:34:43,"[""activiti"", ""bpm"", ""bpmn"", ""business-process"", ""cloud"", ""hxps"", ""java"", ""microservices"", ""product-activiti"", ""spring""]"
afkt/devutils,java,0,0,,,https://github.com/afkt/devutils.git,0,0,0,2018-09-07T05:43:54,"[""android"", ""compose"", ""coroutines"", ""databinding"", ""hilt"", ""jetpack"", ""kotlin"", ""leakcanary"", ""library"", ""lifecycle"", ""mvvm"", ""navigation"", ""okhttp"", ""permission"", ""retrofit"", ""room"", ""utils"", ""viewbinding"", ""viewmodel"", ""workmanager""]"
agents-flex/agents-flex,java,0,0,,,https://github.com/agents-flex/agents-flex.git,0,0,0,2024-01-12T08:23:40,"[""agent"", ""ai"", ""chatbot"", ""chatgpt"", ""gpt"", ""langchain4j"", ""llama3"", ""llm"", ""ollama"", ""spring-ai""]"
agentscope-ai/agentscope-java,java,2,1,4406b5885d36a150d8913f2177fc461c855afbcf,4406b5885d36a150d8913f2177fc461c855afbcf,https://github.com/agentscope-ai/agentscope-java.git,12,7,5,2025-09-23T04:37:43,"[""agent"", ""agentic"", ""agentic-ai"", ""ai"", ""llm""]"
ahoo-wang/cosid,java,0,0,,,https://github.com/ahoo-wang/cosid.git,0,0,0,2021-06-23T04:40:29,"[""clock"", ""clock-synchronization"", ""cloud-native"", ""distributed"", ""generator"", ""gradle"", ""id"", ""id-generator"", ""idgenerator"", ""java"", ""k8s"", ""kubernetes"", ""microservice"", ""redis"", ""sharding"", ""snowflake"", ""spring"", ""spring-boot"", ""spring-cloud"", ""zookeeper""]"
aizhimou/pigeon-pod,java,0,0,,,https://github.com/aizhimou/pigeon-pod.git,0,0,0,2025-08-23T05:28:12,"[""listenbox"", ""mantine-ui"", ""podcast"", ""podsync"", ""react"", ""self-hosted"", ""springboot3"", ""youtube""]"
aklivity/zilla,java,29,11,d234bd634d66b5a0a22bfaacb06941d44d1b4638,a290256c3f2351494372ff8520f90a14d380ed9f,https://github.com/aklivity/zilla.git,170,91,79,2021-12-07T10:10:04,"[""api-gateway"", ""asyncapi"", ""event-driven-architecture"", ""event-stream-proxy"", ""event-streaming"", ""grpc"", ""iot"", ""kafka"", ""kafka-proxy"", ""mqtt"", ""openapi"", ""proxy"", ""rest"", ""server-sent-events"", ""streaming-api""]"
akto-api-security/akto,java,4,3,5ed455da316e09b0122ae5ecd5f79cfe440e91dd,55c1448df31dbf3cf08d2f32f61ea97a582718e6,https://github.com/akto-api-security/akto.git,11,3,8,2023-01-31T09:07:07,"[""api-discovery"", ""api-security"", ""api-security-posture"", ""api-security-testing"", ""api-testing"", ""authentication"", ""authorization"", ""devsecops"", ""devsecops-pipeline"", ""hacktoberfest"", ""hacktoberfest2023"", ""idor"", ""owasp-top-10"", ""security"", ""security-testing"", ""sensitive-data-exposure"", ""threat-detection""]"
alibaba/druid,java,0,0,,,https://github.com/alibaba/druid.git,21,7,14,2011-11-03T05:12:51,[]
alibaba/fluss,java,0,0,,,https://github.com/alibaba/fluss.git,3,0,3,2024-10-31T06:36:35,"[""analytics"", ""real-time"", ""streaming""]"
alibaba/nacos,java,29,12,9c60d18f4723e3627c89186cd4aef3a8a3fcd6e6,798cbcbbfcb34eaf7ff351be7362338627c30ae2,https://github.com/alibaba/nacos.git,109,77,32,2018-06-15T06:49:27,"[""a2a-registry"", ""agent"", ""ai-registry"", ""configuration-management"", ""distributed-configuration"", ""dubbo"", ""istio"", ""kubernetes"", ""mcp"", ""mcp-management"", ""mcp-registry"", ""microservices"", ""nacos"", ""prompt"", ""skills"", ""spring-cloud""]"
alibaba/qlexpress,java,0,0,,,https://github.com/alibaba/qlexpress.git,0,0,0,2017-03-15T08:39:54,[]
alibaba/spring-ai-alibaba,java,1,1,d87585546b0fc16c60c998090475a1c3cab8b588,d87585546b0fc16c60c998090475a1c3cab8b588,https://github.com/alibaba/spring-ai-alibaba.git,14,5,9,2024-09-09T01:35:50,"[""agentic"", ""artificial-intelligence"", ""context-engineering"", ""graph"", ""java"", ""multi-agent"", ""reactagent"", ""spring-ai"", ""workflow""]"
alipay/fury,java,0,0,,,https://github.com/alipay/fury.git,9,2,7,2023-04-28T03:57:00,"[""compression"", ""cpp"", ""cross-language"", ""encoding"", ""fast"", ""golang"", ""hacktoberfest"", ""java"", ""javascript"", ""jit"", ""lightning"", ""marshalling"", ""multiple-language"", ""persistence"", ""python"", ""rpc"", ""rust"", ""serialization"", ""transfer"", ""zero-copy""]"
anonfaded/FadCam,java,0,0,,,https://github.com/anonfaded/FadCam.git,0,0,0,2024-07-06T01:56:00,"[""android-app"", ""android-studio"", ""cam"", ""camera2-api"", ""camerax"", ""fadrec"", ""ffmpeg-android"", ""foss"", ""java"", ""material-design"", ""material-ui"", ""open-source"", ""record-video"", ""screenrecorder"", ""screenrecordingapp"", ""secret-recorder"", ""video-editing"", ""video-editing-tools""]"
antennapod/antennapod,java,0,0,,,https://github.com/antennapod/antennapod.git,1,0,1,2012-07-31T10:25:08,"[""android"", ""apps"", ""hacktoberfest"", ""podcast-manager"", ""podcasting20""]"
anysoftkeyboard/anysoftkeyboard,java,0,0,,,https://github.com/anysoftkeyboard/anysoftkeyboard.git,11,7,4,2012-04-18T12:38:01,"[""android"", ""anysoftkeyboard"", ""java"", ""language"", ""multiple-languages"", ""screen-keyboard""]"
apache/cassandra,java,0,0,,,https://github.com/apache/cassandra.git,1,0,1,2009-05-21T02:10:09,"[""cassandra"", ""database"", ""java""]"
apache/dolphinscheduler,java,0,0,,,https://github.com/apache/dolphinscheduler.git,0,0,0,2019-03-01T04:39:25,"[""airflow"", ""azkaban"", ""cloud-native"", ""data-pipelines"", ""job-scheduler"", ""orchestration"", ""powerful-data-pipelines"", ""task-scheduler"", ""workflow"", ""workflow-orchestration"", ""workflow-schedule""]"
apache/doris,java,0,0,,,https://github.com/apache/doris.git,0,0,0,2017-08-10T12:13:30,"[""agent"", ""ai"", ""bigquery"", ""database"", ""delta-lake"", ""hudi"", ""iceberg"", ""lakehouse"", ""observability"", ""olap"", ""paimon"", ""query-engine"", ""real-time"", ""redshift"", ""search"", ""snowflake"", ""sql"", ""vector""]"
apache/fluss,java,0,0,,,https://github.com/apache/fluss.git,0,0,0,2024-10-31T06:36:35,"[""big-data"", ""fluss"", ""hacktoberfest"", ""lakehouse"", ""real-time-analytics"", ""streaming""]"
apache/fory,java,0,0,,,https://github.com/apache/fory.git,0,0,0,2023-04-28T03:57:00,"[""compression"", ""cpp"", ""cross-language"", ""encoding"", ""fast"", ""golang"", ""hacktoberfest"", ""java"", ""javascript"", ""jit"", ""lightning"", ""marshalling"", ""multiple-language"", ""persistence"", ""python"", ""rpc"", ""rust"", ""serialization"", ""transfer"", ""zero-copy""]"
apache/fury,java,0,0,,,https://github.com/apache/fury.git,0,0,0,2023-04-28T03:57:00,"[""compression"", ""cpp"", ""cross-language"", ""encoding"", ""fast"", ""golang"", ""hacktoberfest"", ""java"", ""javascript"", ""jit"", ""lightning"", ""marshalling"", ""multiple-language"", ""persistence"", ""python"", ""rpc"", ""rust"", ""serialization"", ""transfer"", ""zero-copy""]"
apache/gravitino,java,44,14,1eeaed6046390ec30a3191de6043800edc0e70ec,799c50c737b2f2367fa7481fedb5e20084e6d26a,https://github.com/apache/gravitino.git,92,46,46,2023-04-23T02:09:00,"[""ai-catalog"", ""data-catalog"", ""datalake"", ""federated-query"", ""lakehouse"", ""metadata"", ""metalake"", ""model-catalog"", ""opendatacatalog"", ""skycomputing"", ""stratosphere""]"
apache/groovy,java,0,0,,,https://github.com/apache/groovy.git,5,0,5,2015-04-16T07:00:05,"[""apache"", ""compiler"", ""dynamic-typing"", ""functional-programming"", ""groovy"", ""jvm-languages"", ""metaprogramming"", ""programming-language"", ""static-typing""]"
apache/hop,java,2,1,af3bd43696d14aa248d3c6c98bff748e7f0f6740,af3bd43696d14aa248d3c6c98bff748e7f0f6740,https://github.com/apache/hop.git,3,1,2,2019-09-24T10:48:12,"[""apache"", ""data-integration"", ""etl"", ""hop"", ""java"", ""orchestration"", ""pipeline"", ""streaming"", ""workflow""]"
apache/incubator-dolphinscheduler,java,0,0,,,https://github.com/apache/incubator-dolphinscheduler.git,1,0,1,2019-03-01T04:39:25,[]
apache/incubator-doris,java,7,4,1f5b84131dfb1758fc56abab00fca75a1723bf95,942734e94dc5ecd297cabc90ade035b88343f8a1,https://github.com/apache/incubator-doris.git,79,25,54,2017-08-10T12:13:30,[]
apache/incubator-fury,java,0,0,,,https://github.com/apache/incubator-fury.git,0,0,0,2023-04-28T03:57:00,"[""compression"", ""cpp"", ""cross-language"", ""encoding"", ""fast"", ""golang"", ""hacktoberfest"", ""java"", ""javascript"", ""jit"", ""lightning"", ""marshalling"", ""multiple-language"", ""persistence"", ""python"", ""rpc"", ""rust"", ""serialization"", ""transfer"", ""zero-copy""]"
apache/incubator-pinot,java,24,12,71220243d97ae6e09d2ca8da0a4f2792ea8dcfd8,bb83fa618c22d4d59d838e5ec8429d541d7da90f,https://github.com/apache/incubator-pinot.git,103,56,47,2014-05-19T11:27:48,[]
apache/incubator-seatunnel,java,0,0,,,https://github.com/apache/incubator-seatunnel.git,0,0,0,2017-08-05T09:14:47,[]
apache/iotdb,java,4,1,abb9ef93ca183986d71b6dcada58a835b306121d,abb9ef93ca183986d71b6dcada58a835b306121d,https://github.com/apache/iotdb.git,4,2,2,2018-11-24T09:29:17,"[""big-data"", ""database"", ""iot"", ""java"", ""nosql"", ""timeseries"", ""tsdb""]"
apache/nifi,java,0,0,,,https://github.com/apache/nifi.git,0,0,0,2014-12-12T08:00:05,"[""apache"", ""hacktoberfest"", ""java"", ""nifi""]"
apache/orc,java,0,0,,,https://github.com/apache/orc.git,19,3,16,2015-05-06T07:00:05,"[""apache"", ""big-data"", ""cpp"", ""java"", ""orc""]"
apache/ozone,java,8,5,e08b0010449342abca417510714a08e49f7ad132,2ae0ca931e4dbd7ba0c984b1b719124afd5bd137,https://github.com/apache/ozone.git,26,8,18,2019-10-02T03:56:19,"[""big-data"", ""hadoop"", ""kubernetes"", ""object-store"", ""s3"", ""storage""]"
apache/pinot,java,0,0,,,https://github.com/apache/pinot.git,0,0,0,2014-05-19T11:27:48,"[""java""]"
apache/polaris,java,0,0,,,https://github.com/apache/polaris.git,1,1,0,2024-05-29T06:44:27,"[""apache"", ""catalog"", ""iceberg"", ""lakehouse"", ""metadata"", ""opencatalog"", ""polaris""]"
apache/pulsar,java,4,2,3bc834f2fa8aae1ffe8f2fb3f795acd3d0de755d,f0d2bcc7a78148765bf1549beca4db03663a6754,https://github.com/apache/pulsar.git,15,9,6,2016-06-28T07:00:03,"[""event-streaming"", ""messaging"", ""pubsub"", ""pulsar"", ""queuing"", ""streaming""]"
apache/ranger,java,0,0,,,https://github.com/apache/ranger.git,8,4,4,2014-07-27T07:00:08,"[""apache"", ""authz"", ""docker"", ""java"", ""python"", ""ranger""]"
apache/seatunnel,java,0,0,,,https://github.com/apache/seatunnel.git,0,0,0,2017-08-05T09:14:47,"[""apache"", ""batch"", ""cdc"", ""change-data-capture"", ""data-ingestion"", ""data-integration"", ""elt"", ""embeddings"", ""high-performance"", ""llm"", ""multimodal"", ""offline"", ""real-time"", ""streaming""]"
apache/shardingsphere,java,1,1,8f7ff96f7772fac0f1e984c2e538a37418d71637,8f7ff96f7772fac0f1e984c2e538a37418d71637,https://github.com/apache/shardingsphere.git,40,19,21,2016-01-18T12:49:26,"[""bigdata"", ""data-encryption"", ""data-pipeline"", ""database"", ""database-cluster"", ""database-gateway"", ""database-middleware"", ""distributed-database"", ""distributed-sql-database"", ""distributed-transaction"", ""encrypt"", ""mysql"", ""postgresql"", ""read-write-splitting"", ""shard"", ""sql""]"
apache/skywalking,java,2,1,40d95a179b0af6fab342316bce905f28918dd4ee,40d95a179b0af6fab342316bce905f28918dd4ee,https://github.com/apache/skywalking.git,1,0,1,2015-11-07T03:30:36,"[""apm"", ""dapper"", ""distributed-tracing"", ""ebpf"", ""logging"", ""metrics"", ""observability"", ""open-telemetry"", ""prometheus"", ""service-mesh"", ""skywalking"", ""telegraf"", ""web-performance"", ""zabbix""]"
apache/skywalking-java,java,0,0,,,https://github.com/apache/skywalking-java.git,0,0,0,2021-08-26T01:08:54,"[""apm"", ""dapper"", ""distributed-tracing"", ""logging"", ""metrics"", ""observability"", ""skywalking""]"
apache/struts,java,5,4,2215b6873cc25aa6967a8d2bc2db1b407b5142ef,789dbf3cd253d528af230272805b3ce392005fb1,https://github.com/apache/struts.git,35,19,16,2014-01-15T08:00:08,"[""java"", ""struts"", ""web-framework""]"
apereo/cas,java,0,0,,,https://github.com/apereo/cas.git,0,0,0,2011-09-09T01:36:42,"[""authentication"", ""authorization"", ""aws"", ""duosecurity"", ""fido"", ""identity-provider"", ""java"", ""ldap-authentication"", ""mfa"", ""oauth2"", ""open-source"", ""openidconnect"", ""saml2"", ""spring-boot"", ""spring-cloud"", ""spring-framework"", ""spring-webflow"", ""sso"", ""sso-authentication"", ""websso""]"
apicurio/apicurio-registry,java,3,1,948e0548ff7bcfce3f0c3377398c2718ea50e45d,948e0548ff7bcfce3f0c3377398c2718ea50e45d,https://github.com/apicurio/apicurio-registry.git,6,1,5,2019-07-16T12:44:20,[]
arcadedata/arcadedb,java,25,7,21eb5dab2e3f0fc0dabc4286a143dcf5fded4d8b,663d405416f26894e278565239e17e9896a72717,https://github.com/arcadedata/arcadedb.git,41,16,25,2021-08-16T04:01:29,"[""arcadedb"", ""database"", ""dbms"", ""distributed"", ""docker"", ""document"", ""embedded"", ""graph"", ""k8s"", ""key-value"", ""kubernetes"", ""multi-model"", ""orientdb"", ""search-engine"", ""similarity-search"", ""time-series"", ""vector-database"", ""vector-search""]"
assertj/assertj,java,0,0,,,https://github.com/assertj/assertj.git,0,0,0,2013-03-14T04:18:49,"[""assertions"", ""assertj"", ""groovy"", ""hacktoberfest"", ""java"", ""kotlin"", ""testing"", ""typed-assertions""]"
assertj/assertj-core,java,0,0,,,https://github.com/assertj/assertj-core.git,0,0,0,2013-03-14T04:18:49,[]
athenz/athenz,java,0,0,,,https://github.com/athenz/athenz.git,0,0,0,2016-11-16T06:23:08,"[""access-token"", ""authorization"", ""cloud"", ""containers"", ""dynamic-infrastructures"", ""rbac"", ""role-based-access-control"", ""service-identity"", ""spiffe"", ""tls""]"
atmosphere/atmosphere,java,0,0,,,https://github.com/atmosphere/atmosphere.git,0,0,0,2010-06-30T02:26:23,"[""acp"", ""agentic-ai"", ""embabel"", ""event-driven"", ""java"", ""koog"", ""langchain4j"", ""mcp"", ""multiagent"", ""quarkus"", ""spring-ai"", ""spring-boot"", ""sse"", ""websocket""]"
auties00/cobalt,java,0,0,,,https://github.com/auties00/cobalt.git,0,0,0,2020-12-29T05:19:18,"[""java"", ""whatsapp"", ""whatsapp-api"", ""whatsapp-automation"", ""whatsapp-bot"", ""whatsapp-chat"", ""whatsapp-web"", ""whatsapp-web-api"", ""whatsappweb""]"
automattic/simplenote-android,java,0,0,,,https://github.com/automattic/simplenote-android.git,1,1,0,2012-09-26T06:34:04,[]
awslabs/smithy,java,0,0,,,https://github.com/awslabs/smithy.git,0,0,0,2019-03-22T09:38:10,"[""smithy"", ""smithy-models""]"
axonframework/axonframework,java,0,0,,,https://github.com/axonframework/axonframework.git,3,1,2,2011-12-02T04:04:42,"[""cqrs"", ""dcb"", ""ddd"", ""domain-driven-design"", ""domaindrivendesign"", ""dynamic-consistency-boundary"", ""dynamicconsistencyboundary"", ""event-sourcing"", ""java"", ""message-driven"", ""performance"", ""scalability""]"
baomidou/dynamic-datasource,java,0,0,,,https://github.com/baomidou/dynamic-datasource.git,0,0,0,2018-04-28T02:32:16,"[""datasource"", ""distributed-transaction"", ""dynamic-datasource"", ""dynamicdatasource"", ""multi-datasource"", ""multidatasource"", ""mybatis"", ""spring-boot"", ""springboot""]"
baomidou/dynamic-datasource-spring-boot-starter,java,1,1,273fcedaee984c08197c0890f14190b86ab7e0b8,273fcedaee984c08197c0890f14190b86ab7e0b8,https://github.com/baomidou/dynamic-datasource-spring-boot-starter.git,3,1,2,2018-04-28T02:32:16,"[""datasource"", ""distributed-transaction"", ""dynamic-datasource"", ""dynamicdatasource"", ""multi-datasource"", ""multidatasource"", ""mybatis"", ""spring-boot"", ""springboot""]"
bardsoftware/ganttproject,java,0,0,,,https://github.com/bardsoftware/ganttproject.git,0,0,0,2015-06-28T12:30:00,"[""gantt-chart"", ""ganttproject"", ""java"", ""kotlin"", ""project-management"", ""project-planning""]"
bastillion-io/bastillion,java,0,0,,,https://github.com/bastillion-io/bastillion.git,3,0,3,2013-02-07T11:11:49,"[""bastion-host"", ""java"", ""javascript"", ""ssh"", ""ssh-client"", ""ssh-key"", ""ssh-server"", ""web-app"", ""web-based""]"
bazelbuild/intellij,java,0,0,,,https://github.com/bazelbuild/intellij.git,0,0,0,2016-07-08T02:19:29,"[""bazel"", ""build-tool"", ""clion"", ""cpp"", ""ide""]"
bcgit/bc-java,java,1,1,bc9b78cb84c71fc1d87722b91a823152979352f8,bc9b78cb84c71fc1d87722b91a823152979352f8,https://github.com/bcgit/bc-java.git,4,1,3,2013-06-01T02:38:42,"[""crypto"", ""dtls"", ""java"", ""openpgp"", ""post-quantum-cryptography"", ""tls""]"
ben-manes/caffeine,java,0,0,,,https://github.com/ben-manes/caffeine.git,0,0,0,2014-12-13T08:45:11,[]
bennidi/mbassador,java,0,0,,,https://github.com/bennidi/mbassador.git,0,0,0,2012-10-23T07:27:32,"[""concurrent-programming"", ""event-driven"", ""eventbus"", ""java"", ""jvm""]"
besu-eth/besu,java,0,0,,,https://github.com/besu-eth/besu.git,0,0,0,2019-09-04T09:11:20,"[""besu"", ""blockchain"", ""ethereum"", ""java"", ""p2p""]"
bethington/ghidra-mcp,java,27,17,fd0d818f50d7708eef304ab49d14d89924ab4b06,79cdbb0aeebd1a2e395314710fa1922eba545b6c,https://github.com/bethington/ghidra-mcp.git,113,48,65,2025-08-30T06:40:03,"[""ai"", ""binary-analysis"", ""ghidra"", ""ghidra-extension"", ""java"", ""mcp"", ""mcp-server"", ""model-context-protocol"", ""python"", ""reverse-engineering"", ""static-analysis""]"
binarywang/WxJava,java,0,0,,,https://github.com/binarywang/WxJava.git,0,0,0,2016-01-06T08:24:05,"[""cp"", ""hacktoberfest"", ""java"", ""miniapp"", ""miniprogram"", ""mp"", ""open"", ""sdk"", ""weapp"", ""wechat"", ""wechat-sdk"", ""weixin"", ""weixin-sdk"", ""wxjava"", ""wxpay""]"
bndtools/bnd,java,0,0,,,https://github.com/bndtools/bnd.git,1,0,1,2010-04-12T05:30:15,"[""assembler"", ""bnd"", ""bnd-gradle-plugins"", ""bndtools"", ""eclipse"", ""eclipse-plugin"", ""gradle"", ""gradle-plugin"", ""java"", ""maven-plugin"", ""osgi"", ""osgi-development"", ""yourkit""]"
bobbylight/rsyntaxtextarea,java,0,0,,,https://github.com/bobbylight/rsyntaxtextarea.git,5,2,3,2013-08-08T03:40:21,"[""code-editor"", ""java-swing-applications"", ""syntax-highlighting""]"
bootique/bootique,java,0,0,,,https://github.com/bootique/bootique.git,0,0,0,2015-12-10T02:45:15,"[""bootique"", ""dependency-injection"", ""java"", ""runnable-jar""]"
btraceio/btrace,java,8,4,a169c26650e1454800e9308ba63bcbb86a334c4c,7007372cbf44e86e9d4bc48b3c7369c9dfc38f19,https://github.com/btraceio/btrace.git,45,20,25,2014-08-28T06:58:24,"[""btrace"", ""java"", ""java-application"", ""java-platform""]"
buchen/portfolio,java,0,0,,,https://github.com/buchen/portfolio.git,9,6,3,2012-03-24T09:43:08,"[""eclipse"", ""financial"", ""investment-portfolio"", ""java"", ""portfolio"", ""portfolio-performance"", ""stocks""]"
bucket4j/bucket4j,java,0,0,,,https://github.com/bucket4j/bucket4j.git,0,0,0,2014-10-12T02:19:18,"[""apache-ignite"", ""hazelcast"", ""infinispan"", ""jcache"", ""oracle-coherence"", ""rate-limit"", ""rate-limiter"", ""rate-limiting"", ""token-bucket""]"
bytechefhq/bytechef,java,76,38,3cfb783b909687c1ea7465ef3d7047ec2e9b5a81,1a863b8322906a15a0356afb07b9db31b8c26980,https://github.com/bytechefhq/bytechef.git,352,200,152,2021-09-30T03:39:20,"[""ai"", ""ai-agents"", ""api"", ""automation"", ""embedded-ipaas"", ""hacktoberfest"", ""integrations"", ""ipaas"", ""java"", ""llm"", ""low-code"", ""mcp"", ""n8n"", ""no-code"", ""self-hosted"", ""typescript"", ""workato"", ""workflow"", ""workflow-automation"", ""zapier""]"
bytedance/scene,java,0,0,,,https://github.com/bytedance/scene.git,0,0,0,2019-10-09T03:32:13,"[""activity"", ""android"", ""android-architecture"", ""android-library"", ""fragments"", ""navigation"", ""single-activity"", ""single-activity-framework"", ""single-activity-pattern""]"
camunda-cloud/zeebe,java,0,0,,,https://github.com/camunda-cloud/zeebe.git,0,0,0,2016-03-20T03:38:04,[]
camunda/camunda,java,0,0,,,https://github.com/camunda/camunda.git,0,0,0,2016-03-20T03:38:04,"[""bpmn"", ""grpc"", ""java"", ""microservices"", ""orchestration-framework"", ""workflow"", ""workflow-engine""]"
camunda/zeebe,java,0,0,,,https://github.com/camunda/zeebe.git,0,0,0,2016-03-20T03:38:04,"[""bpmn"", ""golang"", ""grpc"", ""hacktoberfest"", ""java"", ""microservices"", ""orchestration-framework"", ""workflow"", ""workflow-engine""]"
caoccao/javet,java,0,0,,,https://github.com/caoccao/javet.git,0,0,0,2021-01-14T03:02:49,"[""android"", ""engine"", ""java"", ""java-v8"", ""javascript"", ""javet"", ""linux"", ""macos"", ""nodejs"", ""v8"", ""v8-javascript-engine"", ""windows""]"
cap-go/capacitor-updater,java,1,1,8ab4b04ce1e855c3d44d3717293ad49f3ea76123,8ab4b04ce1e855c3d44d3717293ad49f3ea76123,https://github.com/cap-go/capacitor-updater.git,6,0,6,2021-10-24T04:49:48,"[""android"", ""capacitor"", ""capacitor-plugin"", ""cordova"", ""hot-reload"", ""ionic"", ""ios"", ""typescript""]"
carrot2/carrot2,java,0,0,,,https://github.com/carrot2/carrot2.git,0,0,0,2011-09-20T06:19:05,[]
castorini/anserini,java,0,0,,,https://github.com/castorini/anserini.git,0,0,0,2015-10-05T11:27:54,"[""information-retrieval"", ""lucene""]"
cbioportal/cbioportal,java,2,2,4ff61dfd45a0bdddda85ba882badf78e073b9235,0f9e42f570f2e0d2e5420464bac10322d823b60e,https://github.com/cbioportal/cbioportal.git,19,12,7,2015-03-18T08:09:09,"[""cancer-genomics"", ""precision-medicine"", ""science"", ""visualization""]"
cgeo/cgeo,java,0,0,,,https://github.com/cgeo/cgeo.git,0,0,0,2011-07-11T06:02:47,"[""android"", ""cgeo"", ""geocaching"", ""opencaching""]"
chromiumembedded/java-cef,java,0,0,,,https://github.com/chromiumembedded/java-cef.git,0,0,0,2017-04-02T06:29:41,"[""browser"", ""cef"", ""chromium"", ""framework"", ""java""]"
clickhouse/clickhouse-java,java,0,0,,,https://github.com/clickhouse/clickhouse-java.git,0,0,0,2016-07-15T12:48:27,"[""clickhouse"", ""java-client"", ""jdbc"", ""jdbc-driver""]"
clickhouse/clickhouse-jdbc,java,0,0,,,https://github.com/clickhouse/clickhouse-jdbc.git,0,0,0,2016-07-15T12:48:27,[]
cloudfoundry/uaa,java,0,0,,,https://github.com/cloudfoundry/uaa.git,29,20,9,2012-02-07T10:40:55,"[""java"", ""oauth"", ""oauth2"", ""oauth2-server"", ""oidc"", ""oidc-proxy"", ""oidc-server"", ""openid-connect""]"
codecentric/spring-boot-admin,java,0,0,,,https://github.com/codecentric/spring-boot-admin.git,2,1,1,2014-07-25T11:39:13,"[""java"", ""spring"", ""spring-boot"", ""spring-boot-admin"", ""spring-cloud""]"
codelibs/fess,java,39,5,8af0504e255a796df027b9adc0d84edb772595c0,e5d95435916b4b65e9adcfe47ffb98ce85207458,https://github.com/codelibs/fess.git,75,38,37,2013-09-13T04:50:05,"[""crawler"", ""elasticsearch"", ""enterprise-search"", ""full-text-search"", ""fulltext-search"", ""java"", ""lucene"", ""search"", ""search-engine""]"
codenameone/codenameone,java,36,11,ce006aa379cb23166a2048801708d844a8e24d94,5eba6f7d3fca590033e4057389b9bd3ab885b44b,https://github.com/codenameone/codenameone.git,238,88,150,2015-03-27T07:37:42,"[""android"", ""app-framework"", ""codename-one"", ""cross-platform"", ""desktop"", ""framework"", ""hacktoberfest"", ""ios"", ""java"", ""kotlin"", ""macos"", ""maven"", ""mobile-development"", ""pwa"", ""uwp"", ""windows"", ""wora""]"
conductor-oss/conductor,java,54,6,2ce25946d0259efe58e60e86c0ae1c9faa402d89,227f0e24c5f805381da6bb6aba81df848ff54680,https://github.com/conductor-oss/conductor.git,47,21,26,2023-12-08T06:06:09,"[""distributed-systems"", ""durable-execution"", ""grpc"", ""java"", ""javascript"", ""microservice-orchestration"", ""orchestration-engine"", ""orchestrator"", ""reactjs"", ""spring-boot"", ""workflow-automation"", ""workflow-engine"", ""workflow-management"", ""workflows""]"
consensys/teku,java,0,0,,,https://github.com/consensys/teku.git,1,1,0,2018-09-07T09:30:05,"[""beacon-chain"", ""consensys"", ""eth2"", ""eth2-clients"", ""ethereum"", ""java"", ""proof-of-stake"", ""teku""]"
crossoverjie/cim,java,0,0,,,https://github.com/crossoverjie/cim.git,0,0,0,2018-05-20T03:55:56,"[""heartbeat"", ""im"", ""netty"", ""tcp""]"
ctripcorp/x-pipe,java,5,3,1d6f31d6f367e49676acc09fa5c5157b00c82198,d779bcd561164e5d5aca24d5f5618325a9876a1b,https://github.com/ctripcorp/x-pipe.git,25,19,6,2016-03-29T12:22:36,"[""cross-datacenter"", ""keeper"", ""keeper-redis"", ""long-distance-replication"", ""psync2"", ""rdb"", ""redis"", ""redis-xpipe"", ""replication"", ""replication-over-public-network""]"
cyberkaida/reverse-engineering-assistant,java,10,5,79870c3991920fa4e4b6344e4feced6a10d81e9f,af68ccf43b6720497621687ba3df4427981706fe,https://github.com/cyberkaida/reverse-engineering-assistant.git,28,16,12,2023-08-18T07:03:15,"[""assistant"", ""binaryninja"", ""ghidra"", ""llm"", ""mcp"", ""mcp-server"", ""reverse-engineering""]"
dadoonet/fscrawler,java,2,1,1d30e1e060f7bbd696c1bea896452a955877f238,1d30e1e060f7bbd696c1bea896452a955877f238,https://github.com/dadoonet/fscrawler.git,58,39,19,2012-06-08T05:23:03,"[""crawler"", ""elasticsearch"", ""java"", ""tika""]"
dapr/quickstarts,java,0,0,,,https://github.com/dapr/quickstarts.git,0,0,0,2019-09-19T05:48:03,[]
datadog/dd-trace-java,java,7,2,f934d486831a98a5d22d6f946a5fd8fabd11f778,4bc4b9256b7de01b59662e5ee5fbb9268f6f12c3,https://github.com/datadog/dd-trace-java.git,73,18,55,2017-04-24T09:24:40,"[""apm"", ""bytebuddy"", ""datadog"", ""datadog-apm"", ""datadoghq"", ""distributed-trace"", ""distributed-tracing"", ""java"", ""javaagent"", ""profiling"", ""tracing""]"
datavane/tis,java,0,0,,,https://github.com/datavane/tis.git,0,0,0,2019-01-23T01:44:33,"[""cdc"", ""chunjun"", ""dataops"", ""datax"", ""etl"", ""flink"", ""flink-streaming"", ""java""]"
dbeaver/dbeaver,java,0,0,,,https://github.com/dbeaver/dbeaver.git,2,1,1,2015-10-21T08:26:28,"[""ai"", ""database"", ""databricks"", ""db2"", ""dbeaver"", ""erd"", ""gui"", ""java"", ""jdbc"", ""mysql"", ""nosql"", ""oracle"", ""postgresql"", ""redshift"", ""snowflake"", ""sql"", ""sqlite"", ""sqlserver""]"
debezium/debezium,java,1,1,f2f7e468bf027084601604eb14b757c6594ac7b2,f2f7e468bf027084601604eb14b757c6594ac7b2,https://github.com/debezium/debezium.git,7,3,4,2016-01-22T08:17:05,"[""apache-kafka"", ""cdc"", ""change-data-capture"", ""data-pipeline"", ""database"", ""debezium"", ""event-streaming"", ""hacktoberfest"", ""kafka"", ""kafka-connect"", ""kafka-producer""]"
deltazefiro/amarok-hider,java,0,0,,,https://github.com/deltazefiro/amarok-hider.git,0,0,0,2022-01-31T06:46:16,"[""android"", ""android-application"", ""file-hider"", ""hider"", ""privacy-protection""]"
dependencytrack/dependency-track,java,0,0,,,https://github.com/dependencytrack/dependency-track.git,3,0,3,2013-07-16T07:16:43,"[""appsec"", ""bill-of-materials"", ""bom"", ""component-analysis"", ""cyclonedx"", ""devsecops"", ""hacktoberfest"", ""nvd"", ""ossindex"", ""owasp"", ""package-url"", ""purl"", ""sbom"", ""sca"", ""security"", ""security-automation"", ""software-composition-analysis"", ""software-security"", ""vulnerabilities"", ""vulnerability-detection""]"
devoxx/DevoxxGenieIDEAPlugin,java,122,25,03e7d0a0fa7d5f2f6aff0adec1a7a721955f2197,7e8d4d3aa04f3dc0712a9e91e690feac0fb0e5a5,https://github.com/devoxx/DevoxxGenieIDEAPlugin.git,163,59,104,2024-04-14T09:08:14,"[""anthropic"", ""azure-ai"", ""chatgpt"", ""chatgpt-api"", ""claude-3"", ""claude-ai"", ""copilot"", ""copilot-chat"", ""gemini"", ""genai"", ""gpt4all"", ""groq"", ""intellij-plugin"", ""java"", ""llm"", ""lmstudio"", ""mistral"", ""ollama"", ""openai"", ""spec-driven-development""]"
digitalpetri/modbus,java,0,0,,,https://github.com/digitalpetri/modbus.git,0,0,0,2014-09-13T12:17:42,"[""java"", ""modbus"", ""modbus-rtu"", ""modbus-security"", ""modbus-serial"", ""modbus-tcp"", ""modbus-tls""]"
dlsc-software-consulting-gmbh/gemsfx,java,0,0,,,https://github.com/dlsc-software-consulting-gmbh/gemsfx.git,0,0,0,2019-09-10T03:30:17,[]
domaframework/doma,java,3,2,e0d5d3504a70a0581ad524aae52fe50b8daeeef4,aeb58aa8a171cff61675833d86d7ffecd35e86af,https://github.com/domaframework/doma.git,22,9,13,2014-03-04T02:30:03,"[""annotation-processor"", ""dao"", ""doma"", ""java"", ""jdbc"", ""kotlin"", ""no-dependencies"", ""sql""]"
dotcms/core,java,52,30,413a1ed18d2b1a8fd8c89c993c2f9040e7661e08,32fd108be04d88cdcbd99d02d593659b2e32b0d5,https://github.com/dotcms/core.git,178,85,93,2012-03-15T03:24:14,"[""cloud"", ""cms"", ""content"", ""content-management-system"", ""dotcms"", ""dxp"", ""graphql"", ""headless-cms"", ""java"", ""opensouce""]"
dromara/easy-es,java,0,0,,,https://github.com/dromara/easy-es.git,0,0,0,2021-12-01T09:05:38,"[""elasticsearch"", ""java"", ""orm"", ""resthighlevelclient""]"
dromara/liteflow,java,17,3,404f55c94e72b2623c9e770dd95e50e7baa0c322,2011d6898b2a4f9ca89f01c1d8e1c0b4ad8d4a47,https://github.com/dromara/liteflow.git,38,12,26,2020-03-25T04:49:22,"[""ai-agent"", ""ai-agents"", ""component"", ""dsl"", ""flow-engine"", ""hot-reload"", ""java-rule"", ""java-rule-engine"", ""rule-engine""]"
dromara/skyeye,java,0,0,,,https://github.com/dromara/skyeye.git,0,0,0,2019-05-19T07:08:40,"[""approval-process"", ""cms"", ""crm"", ""ehr"", ""erp"", ""hr"", ""layui"", ""mysql"", ""oa"", ""privileges"", ""redis"", ""skyeye"", ""springboot"", ""springboot2"", ""springcloud-vue"", ""websocket""]"
dromara/tianai-captcha,java,0,0,,,https://github.com/dromara/tianai-captcha.git,0,0,0,2021-04-19T12:49:17,[]
dromara/warm-flow,java,0,0,,,https://github.com/dromara/warm-flow.git,0,0,0,2024-01-02T09:13:48,"[""workflow""]"
eclipse-birt/birt,java,0,0,,,https://github.com/eclipse-birt/birt.git,0,0,0,2014-05-15T01:55:31,[]
eclipse-jkube/jkube,java,0,0,,,https://github.com/eclipse-jkube/jkube.git,0,0,0,2019-10-22T01:04:50,"[""cloud-native-java"", ""docker"", ""gradle-plugin"", ""hacktoberfest"", ""java"", ""kubernetes"", ""maven-plugin"", ""openshift""]"
eclipse-milo/milo,java,0,0,,,https://github.com/eclipse-milo/milo.git,0,0,0,2016-05-06T01:20:04,"[""client"", ""iec-62541"", ""iec62541"", ""industrial-automation"", ""iot"", ""java"", ""milo"", ""opc-ua"", ""opcua"", ""sdk"", ""server"", ""stack""]"
eclipse-vertx/vertx-sql-client,java,0,0,,,https://github.com/eclipse-vertx/vertx-sql-client.git,0,0,0,2017-04-30T09:50:57,"[""async"", ""mssql"", ""mysql"", ""netty"", ""non-blocking"", ""performance"", ""pg"", ""postgres"", ""reactive"", ""scalability"", ""vertx""]"
eclipse/jkube,java,4,4,66fb52325361e2c883bab7b6fc53e34ef2893d8b,e641332921f1837c1c3efaf1b82cc479579cbf0f,https://github.com/eclipse/jkube.git,21,12,9,2019-10-22T01:04:50,"[""cloud-native-java"", ""docker"", ""gradle-plugin"", ""hacktoberfest"", ""java"", ""kubernetes"", ""maven-plugin"", ""openshift""]"
eclipse/milo,java,0,0,,,https://github.com/eclipse/milo.git,5,1,4,2016-05-06T01:20:04,"[""client"", ""iec-62541"", ""iec62541"", ""industrial-automation"", ""iot"", ""java"", ""milo"", ""opc-ua"", ""opcua"", ""sdk"", ""server"", ""stack""]"
elastic/logstash,java,1,1,6aa265dcd8357336503fa7b82c3f1f785bef8c8b,6aa265dcd8357336503fa7b82c3f1f785bef8c8b,https://github.com/elastic/logstash.git,2,1,1,2010-11-18T01:31:50,"[""etl-framework"", ""java"", ""jruby"", ""logging"", ""real-time-processing"", ""streaming""]"
enso-org/enso,java,0,0,,,https://github.com/enso-org/enso.git,2,0,2,2016-12-16T05:23:37,"[""compiler"", ""enso"", ""functional"", ""graalvm"", ""hybrid"", ""interpreter"", ""jit"", ""language"", ""polyglot"", ""rts"", ""textual"", ""visual""]"
epam/ai-dial-core,java,2,2,42af60e592039558d0c956504f9d3c777f2663d4,9963c46fa4c7e7a042a359111b3dcda9a9f64be7,https://github.com/epam/ai-dial-core.git,43,20,23,2023-09-07T09:10:27,"[""ai-dial"", ""llm""]"
erupts/erupt,java,0,0,,,https://github.com/erupts/erupt.git,0,0,0,2020-09-15T01:30:13,"[""admin"", ""ai"", ""annotation"", ""erupt"", ""jpa"", ""low-code"", ""mdd"", ""rbac"", ""semantic""]"
fabric8io/kubernetes-client,java,10,5,d7c769ccc3d2f4a3750976b4430abb40e4e68c14,4428e35f4241cab5f4e2318313f43b6993dc6276,https://github.com/fabric8io/kubernetes-client.git,59,36,23,2015-07-09T03:43:13,"[""dsl"", ""java"", ""java-client"", ""kubernetes"", ""kubernetes-client"", ""kubernetes-model"", ""mock-server"", ""mocking-kubernetes"", ""openshift"", ""openshift-client""]"
fasterxml/jackson-core,java,0,0,,,https://github.com/fasterxml/jackson-core.git,2,0,2,2011-12-23T02:00:51,"[""hacktoberfest"", ""jackson"", ""json""]"
fasterxml/jackson-databind,java,0,0,,,https://github.com/fasterxml/jackson-databind.git,8,4,4,2011-12-23T07:17:41,"[""hacktoberfest"", ""jackson"", ""jackson-databind"", ""json""]"
floci-io/floci,java,0,0,,,https://github.com/floci-io/floci.git,3,1,2,2026-02-18T02:28:29,"[""aws"", ""aws-emulation"", ""devops"", ""docker"", ""ec2"", ""ecs"", ""localstack"", ""s3"", ""sqs"", ""testcontainers""]"
flutter/flutter-intellij,java,0,0,,,https://github.com/flutter/flutter-intellij.git,1,0,1,2016-07-25T10:31:03,"[""flutter"", ""intellij-plugin"", ""java""]"
flyingsaucerproject/flyingsaucer,java,0,0,,,https://github.com/flyingsaucerproject/flyingsaucer.git,1,0,1,2010-04-19T11:26:11,[]
foundationdb/fdb-record-layer,java,0,0,,,https://github.com/foundationdb/fdb-record-layer.git,2,2,0,2018-08-02T08:59:44,"[""foundationdb"", ""relational-database""]"
freechat-fun/freechat,java,0,0,,,https://github.com/freechat-fun/freechat.git,0,0,0,2023-09-25T03:19:03,[]
freeplane/freeplane,java,0,0,,,https://github.com/freeplane/freeplane.git,0,0,0,2012-09-13T08:55:51,"[""groovy-scripts"", ""java"", ""knowledge-management"", ""latex"", ""markdown"", ""mindmap"", ""mindmap-editor"", ""mindmapping"", ""mindmaps"", ""note-taking"", ""outliner"", ""presentation"", ""project-management"", ""writing""]"
frooodle/stirling-pdf,java,16,3,7d7f1272e4b974999d57093179343113334a6e17,28613caf8ac728383df624196d3fd6ccbe04bfbd,https://github.com/frooodle/stirling-pdf.git,17,13,4,2023-01-27T06:22:42,"[""docker"", ""java"", ""pdf"", ""pdf-converter"", ""pdf-manipulation"", ""pdf-merger"", ""pdf-ocr"", ""pdf-tools"", ""pdf-web-apps"", ""pdfmerger""]"
gessnerfl/fake-smtp-server,java,0,0,,,https://github.com/gessnerfl/fake-smtp-server.git,1,1,0,2017-05-13T06:33:35,"[""fake-smtp-server"", ""smtp-server"", ""spring-boot""]"
github/copilot-sdk,java,54,5,f4223c81fddf0070e0a5becf519a7049332053ee,e7d2bd3483ecd2f49412709d5655157a2190dd91,https://github.com/github/copilot-sdk.git,165,72,93,2026-01-14T12:23:22,[]
glowroot/glowroot,java,0,0,,,https://github.com/glowroot/glowroot.git,2,0,2,2014-01-29T05:25:58,[]
graphql-java/graphql-java,java,1,1,14e580b7129e1f1de3b455660fc8c6cf0c5e08bf,14e580b7129e1f1de3b455660fc8c6cf0c5e08bf,https://github.com/graphql-java/graphql-java.git,55,7,48,2015-07-06T06:52:20,"[""graphql"", ""graphql-java"", ""java""]"
graylog2/graylog2-server,java,19,8,5e6363a977f4f1cf21e16784062c84416d44ce91,d7c671566bc70a5b55db4c9ea753a752e488249c,https://github.com/graylog2/graylog2-server.git,75,49,26,2010-05-17T09:27:02,"[""amqp"", ""gelf"", ""graylog"", ""hacktoberfest"", ""kafka"", ""log-analysis"", ""log-collector"", ""log-management"", ""log-viewer"", ""logging"", ""logging-server"", ""secure-logging"", ""security"", ""siem"", ""syslog""]"
greenmail-mail-test/greenmail,java,0,0,,,https://github.com/greenmail-mail-test/greenmail.git,0,0,0,2014-09-26T12:43:10,"[""greenmail"", ""imap"", ""integration-testing"", ""mock-server"", ""pop3"", ""smtp""]"
grimmory-tools/grimmory,java,13,2,2e537bb2a1b079c8d03560d825a8726dad8b8f5b,69c3c883759f4b5aecfff94860a7756794ca90b1,https://github.com/grimmory-tools/grimmory.git,3,0,3,2026-03-12T09:32:38,"[""angular"", ""azw3"", ""cbr"", ""cbz"", ""comics"", ""comics-reader"", ""documents"", ""ebooks"", ""ebooks-reader"", ""epub"", ""java"", ""metadata"", ""mobi"", ""oidc"", ""opds"", ""pdf"", ""self-hosted"", ""spring-boot""]"
grishka/smithereen,java,0,0,,,https://github.com/grishka/smithereen.git,0,0,0,2020-01-06T09:53:28,"[""activitypub"", ""fediverse""]"
haehnchen/idea-php-symfony2-plugin,java,0,0,,,https://github.com/haehnchen/idea-php-symfony2-plugin.git,0,0,0,2013-04-07T04:25:16,"[""annotation"", ""autocomplete"", ""doctrine"", ""drupal"", ""intellij"", ""intellij-plugin"", ""java"", ""jetbrains"", ""php"", ""phpstorm"", ""phpstorm-plugin"", ""symfony"", ""twig""]"
halo-dev/halo,java,0,0,,,https://github.com/halo-dev/halo.git,7,3,4,2018-03-21T12:56:52,"[""blog"", ""blog-engine"", ""cms"", ""content-management-system"", ""halo"", ""halocms"", ""website-builder""]"
hapifhir/hapi-fhir,java,12,8,68d1aeb886693af49b3a0263d954cdbed9f930a1,49cf7855d71eaced71b133b9b24c82c9725b94bf,https://github.com/hapifhir/hapi-fhir.git,97,53,44,2014-06-24T09:00:46,"[""apps"", ""fhir"", ""hapi-fhir"", ""healthcare"", ""hl7"", ""java"", ""java-api"", ""mhealth""]"
higress-group/himarket,java,0,0,,,https://github.com/higress-group/himarket.git,0,0,0,2025-08-21T12:55:00,[]
hivemq/hivemq-community-edition,java,0,0,,,https://github.com/hivemq/hivemq-community-edition.git,0,0,0,2019-04-01T03:29:54,"[""broker"", ""hivemq"", ""iot"", ""iot-middleware"", ""java"", ""m2m"", ""messaging"", ""mqtt"", ""mqtt-broker"", ""mqtt-protocol"", ""mqtt-server"", ""mqtt5"", ""pubsub""]"
hyperledger/besu,java,8,6,b4ad0e20416bda6133a7cca5f9dda7b7f699abf5,8fe48c6fef45c9974d94f43b5fae9ebc9b99f574,https://github.com/hyperledger/besu.git,76,49,27,2019-09-04T09:11:20,"[""besu"", ""blockchain"", ""ethereum"", ""java"", ""p2p""]"
iflytek/astron-agent,java,0,0,,,https://github.com/iflytek/astron-agent.git,5,5,0,2025-09-19T08:46:01,"[""agent"", ""agentic-ai"", ""agentic-workflow"", ""ai"", ""enterprise"", ""enterprise-automation"", ""iflytek-astron"", ""llm"", ""llm-ops"", ""low-code"", ""mcp"", ""multi-agent"", ""next-gen"", ""orchestration"", ""python"", ""rpa"", ""superagent"", ""workflow"", ""workflow-engine""]"
igvteam/igv,java,0,0,,,https://github.com/igvteam/igv.git,2,2,0,2012-02-11T05:30:30,[]
ikaros-dev/ikaros,java,0,0,,,https://github.com/ikaros-dev/ikaros.git,0,0,0,2022-06-11T12:57:18,"[""acgmn"", ""acgn"", ""bangumi"", ""cms"", ""ikaros"", ""java"", ""music""]"
infinispan/infinispan,java,0,0,,,https://github.com/infinispan/infinispan.git,0,0,0,2010-11-04T12:33:19,"[""datagrid"", ""infinispan"", ""infinispan-server"", ""inmemory-cache"", ""key-value-store"", ""nosql"", ""persistent-storage"", ""search-engine"", ""semantic-search"", ""vector-database""]"
interestinglab/earth-fleet,java,0,0,,,https://github.com/interestinglab/earth-fleet.git,0,0,0,2017-08-05T09:14:47,[]
interestinglab/seatunnel,java,0,0,,,https://github.com/interestinglab/seatunnel.git,0,0,0,2017-08-05T09:14:47,[]
interestinglab/waterdrop,java,5,2,fe182baced10d67972173afcfb67950ebad67f4a,be5d0f0279d72ba6f6b64e22f44bfc4391117816,https://github.com/interestinglab/waterdrop.git,13,4,9,2017-08-05T09:14:47,[]
intuit/karate,java,49,29,2860718bdb15bb07159e1f38959c5a765ffc15c0,157782b036c117026fa3e52eccd1b303c81b52d7,https://github.com/intuit/karate.git,525,187,338,2017-02-07T03:59:17,[]
irockel/tda,java,0,0,,,https://github.com/irockel/tda.git,0,0,0,2016-03-14T08:42:33,"[""java"", ""jvm"", ""jvm-monitor"", ""mcp"", ""mcp-server"", ""performance-tuning"", ""thread-dump"", ""virtual-threads""]"
itwanger/paicoding,java,2,1,4300c1a77318b58d0660a3a8c39afaddae8c1b01,4300c1a77318b58d0660a3a8c39afaddae8c1b01,https://github.com/itwanger/paicoding.git,1,0,1,2022-07-06T12:43:21,"[""java"", ""mybatis"", ""mysql"", ""redis"", ""spring"", ""springboot""]"
jabref/jabref,java,3,2,72c8491c9ea33f6cb4cdb0b846b8df0bbfb82832,f57b76876ffbaf5430d1aa0d7dbd1e1b6baa1c2e,https://github.com/jabref/jabref.git,35,22,13,2014-03-11T02:48:42,"[""academia"", ""academic-publications"", ""ai"", ""biblatex"", ""bibliography"", ""bibtex"", ""citation"", ""citation-generator"", ""citation-style-language"", ""citation-styles"", ""hacktoberfest"", ""jabref"", ""java"", ""javafx"", ""javafx-application"", ""javafx-desktop-apps"", ""latex"", ""ocr"", ""reference-manager"", ""research-tool""]"
java-operator-sdk/java-operator-sdk,java,1,1,2c16143f6cdf509bb82d54bfa6759f2fecce4bad,2c16143f6cdf509bb82d54bfa6759f2fecce4bad,https://github.com/java-operator-sdk/java-operator-sdk.git,11,9,2,2019-05-25T05:11:25,[]
jeecgboot/JeecgBoot,java,0,0,,,https://github.com/jeecgboot/JeecgBoot.git,0,0,0,2018-11-26T10:40:00,"[""activiti"", ""agent"", ""ai"", ""antd"", ""claude-code"", ""cli"", ""codegenerator"", ""codex"", ""flowable"", ""langchain4j"", ""llm"", ""low-code"", ""mcp"", ""mybatis-plus"", ""rag"", ""skills"", ""spring-ai"", ""springboot"", ""springcloud"", ""vue3""]"
jeecgboot/jeecg-boot,java,0,0,,,https://github.com/jeecgboot/jeecg-boot.git,0,0,0,2018-11-26T10:40:00,"[""activiti"", ""ant-design"", ""ant-design-vue"", ""antd"", ""codegenerator"", ""flowable"", ""java"", ""jbpm"", ""jeecg"", ""jeecgboot"", ""low-code"", ""mybatis"", ""shiro"", ""spring"", ""spring-boot"", ""spring-cloud"", ""springboot"", ""springcloud"", ""vue"", ""vue3""]"
jeequan/jeepay,java,0,0,,,https://github.com/jeequan/jeepay.git,1,0,1,2017-08-12T02:40:32,"[""jeepay"", ""xxpay""]"
jjazzboss/JJazzLab,java,0,0,,,https://github.com/jjazzboss/JJazzLab.git,2,2,0,2019-09-01T04:48:45,"[""arranger"", ""audio"", ""audio-applications"", ""computer-music"", ""cross-platform"", ""midi"", ""midi-api"", ""midi-sequencer"", ""music"", ""music-arrangements"", ""music-composition"", ""music-generation"", ""music-library"", ""music-player"", ""music-production"", ""music-theory"", ""music-tool"", ""standalone-app""]"
jline/jline3,java,0,0,,,https://github.com/jline/jline3.git,3,2,1,2016-05-31T06:00:01,"[""cli"", ""console"", ""java""]"
jmetal/jmetal,java,1,1,51e4e43ec433854188e10fc79f875cb97d5eff1e,51e4e43ec433854188e10fc79f875cb97d5eff1e,https://github.com/jmetal/jmetal.git,13,2,11,2014-05-02T04:59:26,"[""java"", ""metaheuristics"", ""multiobjective-optimization"", ""software-framework""]"
jmix-framework/jmix,java,0,0,,,https://github.com/jmix-framework/jmix.git,0,0,0,2020-08-05T12:29:27,"[""enterprise"", ""framework"", ""java"", ""jmix""]"
joel-costigliola/assertj-core,java,0,0,,,https://github.com/joel-costigliola/assertj-core.git,1,0,1,2013-03-14T04:18:49,[]
kagkarlsson/db-scheduler,java,0,0,,,https://github.com/kagkarlsson/db-scheduler.git,0,0,0,2015-08-12T06:01:34,"[""db-scheduler"", ""hacktoberfest"", ""java"", ""jdbc"", ""job-scheduler"", ""scheduler"", ""spring-boot"", ""task-scheduler""]"
karatelabs/karate,java,0,0,,,https://github.com/karatelabs/karate.git,0,0,0,2017-02-07T03:59:17,"[""api-testing"", ""assertions"", ""automated-testing"", ""automation"", ""bdd"", ""contract-testing"", ""cucumber"", ""developer-tools"", ""load-testing"", ""microservices"", ""mock-server"", ""test-automation"", ""testing"", ""testing-framework"", ""testing-tools"", ""webdriver""]"
kestra-io/kestra,java,19,6,cdbec44f1aae350361e5c874fae90019ad89bd26,659356cd40475ae1b8a7f1d24151f74b3f56ab0e,https://github.com/kestra-io/kestra.git,37,20,17,2019-08-24T01:56:15,"[""ai-agents"", ""automation"", ""control-plane"", ""data-engineering"", ""data-orchestration"", ""data-orchestrator"", ""devops"", ""etl"", ""hacktoberfest"", ""high-availability"", ""infra-automation"", ""infra-ops"", ""infrastructure-as-code"", ""java"", ""low-code"", ""orchestration"", ""pipeline"", ""pipeline-as-code"", ""scheduler"", ""workflow""]"
knowm/xchart,java,3,3,36c4b19ee4762e0ff66cc09e40f78415e9a1eccb,20bb3addca6a3c454f518757bfcec4040ef1d67b,https://github.com/knowm/xchart.git,36,15,21,2011-07-20T03:56:44,[]
kong/unirest-java,java,0,0,,,https://github.com/kong/unirest-java.git,0,0,0,2011-04-11T09:19:53,[]
konsoletyper/teavm,java,0,0,,,https://github.com/konsoletyper/teavm.git,4,0,4,2013-09-23T08:04:15,"[""aot"", ""java"", ""javascript"", ""jvm"", ""webassembly""]"
lakesoul-io/LakeSoul,java,0,0,,,https://github.com/lakesoul-io/LakeSoul.git,4,1,3,2021-12-28T08:53:11,"[""arrow"", ""daft"", ""datafusion"", ""flink"", ""gluten"", ""huggingface"", ""lakehouse"", ""postgresql"", ""python"", ""pytorch"", ""ray"", ""rust"", ""spark"", ""sql"", ""streaming"", ""vector-search"", ""vectorized"", ""velox""]"
lets-mica/mica,java,0,0,,,https://github.com/lets-mica/mica.git,0,0,0,2019-01-23T03:03:45,"[""java"", ""mica"", ""okhttp3"", ""redis"", ""spring"", ""spring-boot"", ""spring-cloud"", ""swagger""]"
lianjiatech/retrofit-spring-boot-starter,java,3,2,c47dbae4931bcbf8f45827c99371b753b9356c60,534327c4540aead13bd3d38e9e7d05eeda843f9e,https://github.com/lianjiatech/retrofit-spring-boot-starter.git,10,4,6,2020-04-04T01:44:57,"[""http"", ""java"", ""okhttp3"", ""retrofit"", ""spring-boot""]"
lilishop/lilishop,java,0,0,,,https://github.com/lilishop/lilishop.git,0,0,0,2021-05-14T01:28:51,"[""b2b2c"", ""docker"", ""java"", ""mall"", ""open-source"", ""redis"", ""shop"", ""spring-boot"", ""spring-cloud"", ""uniapp"", ""vue"", ""wechat-mini-program""]"
line/armeria,java,0,0,,,https://github.com/line/armeria.git,2,2,0,2015-11-16T04:04:01,"[""gateway"", ""grpc"", ""grpc-client"", ""grpc-server"", ""hacktoberfest"", ""http"", ""http-client"", ""http-server"", ""http2"", ""micro-framework"", ""microservices"", ""netty"", ""rpc"", ""rpc-client"", ""rpc-framework"", ""rpc-library"", ""rpc-server"", ""thrift"", ""thrift-client"", ""thrift-server""]"
line/centraldogma,java,0,0,,,https://github.com/line/centraldogma.git,0,0,0,2017-08-29T07:23:31,"[""config"", ""config-server"", ""configuration"", ""configuration-management"", ""configuration-server"", ""git"", ""repository"", ""service-configuration"", ""vcs"", ""version-control"", ""zookeeper""]"
linkedin/ambry,java,4,1,9bf8da3980307966794be5c8c24eb728a740f593,9bf8da3980307966794be5c8c24eb728a740f593,https://github.com/linkedin/ambry.git,34,15,19,2013-10-25T08:04:54,[]
linkedin/datahub,java,87,31,b3fafc38be1db047663571d99a6bd1bc3f960e59,d80c385e6f35c2505b99582379a5a84c941b7b69,https://github.com/linkedin/datahub.git,291,158,133,2015-11-18T05:47:40,[]
ls1intum/artemis,java,0,0,,,https://github.com/ls1intum/artemis.git,20,17,3,2016-09-29T11:46:05,"[""apollon"", ""artificial-intelligence"", ""assessment"", ""autograding"", ""automatic-feedback"", ""computer-science"", ""education"", ""education-technology"", ""exam-mode"", ""exercises"", ""feedback"", ""gen-ai"", ""interactive-learning"", ""learning"", ""modeling-exercises"", ""programming-exercises"", ""research"", ""software-engineering"", ""text-exercises"", ""university""]"
lucky-aeon/AgentX,java,6,2,3a9f440bec5f054ddf0068dca93e547f4d7753dc,9b25ffe4db649df4f13ba279db4b8353ecd7f85b,https://github.com/lucky-aeon/AgentX.git,2,0,2,2025-03-19T02:09:05,[]
mateaix/mateclaw,java,0,0,,,https://github.com/mateaix/mateclaw.git,0,0,0,2026-04-04T10:53:35,"[""agent"", ""agent-harness"", ""ai-agent"", ""dingtalk-robot"", ""feishu-bot"", ""llm-wiki"", ""loop-engineering"", ""mcp-protocol"", ""multi-agent"", ""multiagent"", ""openclaw"", ""plan-and-execute"", ""skills"", ""spring-ai"", ""spring-boot"", ""telegrambot"", ""tool-calling""]"
matevip/mateclaw,java,0,0,,,https://github.com/matevip/mateclaw.git,0,0,0,2026-04-04T10:53:35,"[""agent"", ""agent-harness"", ""ai-agent"", ""dingtalk-robot"", ""feishu-bot"", ""llm-wiki"", ""mcp-protocol"", ""multi-agent"", ""multiagent"", ""openclaw"", ""plan-and-execute"", ""skills"", ""spring-ai"", ""spring-boot"", ""telegrambot"", ""tool-calling""]"
matevip/matecloud,java,0,0,,,https://github.com/matevip/matecloud.git,0,0,0,2019-10-30T03:25:43,"[""alibabacloud"", ""cloudspring"", ""jetcache"", ""microservice"", ""microservices-architecture"", ""nacos"", ""nacos-spring-cloud"", ""rbac"", ""rocketmq"", ""saas"", ""spring-boot"", ""spring-cloud"", ""spring-cloud-alibaba"", ""spring-security-oauth2"", ""springboot-admin"", ""springboot-springcloud"", ""springcloud"", ""springcloudalibaba"", ""tenant"", ""vue3""]"
maxmind/geoip2-java,java,0,0,,,https://github.com/maxmind/geoip2-java.git,8,3,5,2013-04-01T09:40:11,"[""geoip"", ""geoip2"", ""maxmind"", ""mmdb""]"
mfish-qf/mfish-nocode,java,0,0,,,https://github.com/mfish-qf/mfish-nocode.git,0,0,0,2021-10-24T11:48:15,"[""lowcode"", ""nocode"", ""screen-design"", ""springai"", ""springboot"", ""springcloud""]"
microcks/microcks,java,0,0,,,https://github.com/microcks/microcks.git,1,0,1,2015-02-23T03:46:09,"[""api"", ""api-testing"", ""asyncapi"", ""asyncapi-specification"", ""cncf"", ""cncf-project"", ""event-driven"", ""graphql"", ""kubernetes"", ""mock"", ""mock-server"", ""mocking"", ""openapi"", ""openapi-tooling"", ""openapi3"", ""openapi31"", ""postman-collection"", ""swagger"", ""swagger2"", ""testing""]"
micronaut-projects/micronaut-core,java,1,1,3db7caf1594e2ab430f1fd9fdfdc028beab0a29c,3db7caf1594e2ab430f1fd9fdfdc028beab0a29c,https://github.com/micronaut-projects/micronaut-core.git,9,2,7,2018-03-07T12:05:08,"[""cloudnative"", ""groovy"", ""java"", ""kotlin"", ""microservices"", ""serverless""]"
microsoft/gctoolkit,java,0,0,,,https://github.com/microsoft/gctoolkit.git,0,0,0,2021-07-20T10:44:17,"[""gc"", ""heap"", ""java"", ""jvm"", ""memory"", ""memory-management"", ""performance""]"
microsoft/mssql-jdbc,java,0,0,,,https://github.com/microsoft/mssql-jdbc.git,2,1,1,2016-08-22T09:58:47,[]
microsoft/playwright-java,java,0,0,,,https://github.com/microsoft/playwright-java.git,0,0,0,2020-09-25T05:37:14,"[""java"", ""playwright""]"
microsoft/typespec,java,61,26,f9065da7d9f88ecbb9b52ac452d068609e220ac2,2122667bcb629550af1db07c05751f84dc5de920,https://github.com/microsoft/typespec.git,361,70,291,2021-06-30T11:29:49,"[""json-schema"", ""openapi3"", ""protobuf"", ""typespec""]"
mixpanel/mixpanel-android,java,18,3,0d9a900627066598b0d6eb7f5957307a1472650a,63f13afa5450d0daba0124fee02b2da2df45c0f0,https://github.com/mixpanel/mixpanel-android.git,9,3,6,2010-08-05T04:51:12,"[""analytics"", ""analytics-tracking"", ""android"", ""mixpanel"", ""mixpanel-sdk"", ""sdk"", ""tracking""]"
mock-server/mockserver,java,0,0,,,https://github.com/mock-server/mockserver.git,0,0,0,2013-02-26T06:09:52,"[""grunt-plugin"", ""homebrew"", ""java-client"", ""javascript-client"", ""mock-server"", ""node-client"", ""node-module"", ""proxy"", ""ruby-client""]"
mock-server/mockserver-monorepo,java,0,0,,,https://github.com/mock-server/mockserver-monorepo.git,0,0,0,2013-02-26T06:09:52,"[""ai"", ""chaos-engineering"", ""grunt-plugin"", ""homebrew"", ""java-client"", ""javascript-client"", ""llm"", ""mcp"", ""mock-server"", ""node-client"", ""node-module"", ""proxy"", ""python"", ""ruby-client"", ""testing""]"
mongodb/mongo-java-driver,java,0,0,,,https://github.com/mongodb/mongo-java-driver.git,0,0,0,2009-01-15T03:16:29,"[""database"", ""java"", ""java-library"", ""jvm"", ""kotlin"", ""kotlin-coroutines"", ""kotlin-library"", ""mongodb"", ""scala""]"
morphiaorg/morphia,java,5,1,0ce4cb9b02541a6c4ba12f9f2ee05a9e568f743b,0ce4cb9b02541a6c4ba12f9f2ee05a9e568f743b,https://github.com/morphiaorg/morphia.git,15,9,6,2013-04-25T05:41:02,"[""java"", ""kotlin"", ""mongodb"", ""odm""]"
mrtjp/projectred,java,0,0,,,https://github.com/mrtjp/projectred.git,0,0,0,2013-07-06T06:59:40,"[""forge"", ""minecraft"", ""minecraft-forge"", ""minecraft-mod""]"
msgpack/msgpack-java,java,0,0,,,https://github.com/msgpack/msgpack-java.git,7,2,5,2011-06-29T08:45:39,[]
mvel/mvel,java,3,1,d8871dc26fdc20f62d06760fe7ceff6d755073ee,d8871dc26fdc20f62d06760fe7ceff6d755073ee,https://github.com/mvel/mvel.git,5,1,4,2011-05-17T05:59:38,[]
nageoffer/ragent,java,0,0,,,https://github.com/nageoffer/ragent.git,0,0,0,2025-11-20T07:22:53,"[""agent"", ""agentic-rag"", ""ai"", ""llm"", ""mcp"", ""rag"", ""springai""]"
naver/fixture-monkey,java,0,0,,,https://github.com/naver/fixture-monkey.git,1,0,1,2021-08-19T08:54:37,"[""java"", ""kotlin"", ""random-populated-object"", ""test""]"
neamar/kiss,java,0,0,,,https://github.com/neamar/kiss.git,0,0,0,2012-10-02T04:03:43,[]
neo4j/neo4j,java,0,0,,,https://github.com/neo4j/neo4j.git,14,5,9,2012-11-12T08:46:15,"[""cypher"", ""database"", ""graph"", ""graph-database"", ""graphdb"", ""neo4j"", ""nosql""]"
netflix/hollow,java,3,3,10d2835046bb0163c79556da97a4b14f6776edac,7bb1ee8801b09e81983358ab72e373a772ef9e3b,https://github.com/netflix/hollow.git,17,5,12,2016-12-02T06:56:43,[]
netflix/mantis,java,0,0,,,https://github.com/netflix/mantis.git,2,1,1,2019-06-06T11:44:48,[]
nextalone/nnngram,java,0,0,,,https://github.com/nextalone/nnngram.git,0,0,0,2022-05-05T02:03:17,[]
nextcloud/notes-android,java,0,0,,,https://github.com/nextcloud/notes-android.git,0,0,0,2015-10-01T03:53:21,"[""android"", ""android-client"", ""java"", ""nextcloud"", ""nextcloud-notes"", ""notebook"", ""notes"", ""screenshot"", ""widget""]"
nitrite/nitrite-java,java,4,2,8b6b31b3b2b8a3d484b3e7c64e30b643e3a73a90,d6e8455736b7deed4337a549f60d8140148e47db,https://github.com/nitrite/nitrite-java.git,9,2,7,2017-04-19T06:26:54,"[""android"", ""database"", ""documentdb"", ""embedded-database"", ""mobile-database"", ""nosql"", ""object-database"", ""object-storage""]"
nroduit/weasis,java,0,0,,,https://github.com/nroduit/weasis.git,0,0,0,2012-02-19T08:18:11,"[""dicom"", ""dicom-image"", ""dicom-image-viewer"", ""dicom-images"", ""dicom-pr"", ""dicom-rt"", ""dicom-seg"", ""dicom-viewer"", ""dicom-web-viewer"", ""dicomweb"", ""ecg"", ""export-dicom"", ""medical"", ""medical-imaging"", ""multiplanar-reconstruction"", ""viewer"", ""volume-rendering"", ""weasis""]"
open-telemetry/opentelemetry-java-instrumentation,java,1,1,5303808fe9ba17ac962789de4d4c7b3591f61dc5,5303808fe9ba17ac962789de4d4c7b3591f61dc5,https://github.com/open-telemetry/opentelemetry-java-instrumentation.git,92,87,5,2019-09-25T08:19:14,[]
opendatadiscovery/odd-platform,java,6,3,525200f99524bdfa7aa349972e3cd164cdfdaa85,9531bc49d601e6a325e2df9a85b3af9610d96916,https://github.com/opendatadiscovery/odd-platform.git,35,13,22,2021-07-07T08:56:26,"[""alerting"", ""bigdata"", ""data-catalog"", ""data-discovery"", ""data-engineering"", ""data-exploration"", ""data-governance"", ""data-lineage"", ""data-observability"", ""data-pipelines"", ""data-platform"", ""data-profiling"", ""data-quality"", ""data-science"", ""datacatalog"", ""lineage"", ""metadata"", ""metadata-management"", ""observability"", ""oss""]"
opendataloader-project/opendataloader-pdf,java,26,18,4dd3c1cc34293f901959a4b3d74712f6797b54d8,badf8b7194dd5fa626a08ed1c25365ec580fe389,https://github.com/opendataloader-project/opendataloader-pdf.git,132,49,83,2025-05-13T05:48:02,"[""a11y"", ""accessibility"", ""ai"", ""bounding-box"", ""document-parsing"", ""eaa"", ""html"", ""json"", ""markdown"", ""ocr"", ""ocr-recognition"", ""pdf"", ""pdf-accessibility"", ""pdf-converter"", ""pdf-extraction"", ""pdf-parser"", ""pdf-ua"", ""rag"", ""tables"", ""tagged-pdf""]"
openems/openems,java,0,0,,,https://github.com/openems/openems.git,2,2,0,2016-10-16T02:57:33,"[""climatechange"", ""electric-vehicle-charging-station"", ""energy-management"", ""energy-storage"", ""hacktoberfest"", ""heatpump"", ""photovoltaics"", ""time-of-use-tariff""]"
openhft/chronicle-wire,java,0,0,,,https://github.com/openhft/chronicle-wire.git,0,0,0,2015-01-15T02:47:29,"[""binary"", ""csv"", ""java"", ""json"", ""serialization"", ""yaml""]"
openhft/zero-allocation-hashing,java,0,0,,,https://github.com/openhft/zero-allocation-hashing.git,0,0,0,2014-10-31T04:28:52,"[""cityhash"", ""farmhash"", ""hash-functions"", ""hashing"", ""high-performance"", ""java"", ""murmurhash3"", ""openhft"", ""xxhash""]"
opennms/opennms,java,1,1,9ac319ae65b529af1014d11f6178256c2b764ec6,9ac319ae65b529af1014d11f6178256c2b764ec6,https://github.com/opennms/opennms.git,7,5,2,2013-04-11T06:22:33,"[""alerting"", ""enterprise-grade"", ""horizon"", ""java"", ""meridian"", ""metrics"", ""monitoring"", ""network-monitoring"", ""network-monitoring-tool"", ""opennms""]"
openrefine/openrefine,java,0,0,,,https://github.com/openrefine/openrefine.git,4,1,3,2012-10-15T02:22:48,"[""data-analysis"", ""data-science"", ""data-wrangling"", ""datacleaning"", ""datacleansing"", ""datajournalism"", ""datamining"", ""java"", ""journalism"", ""opendata"", ""reconciliation"", ""wikidata""]"
openrewrite/rewrite,java,0,0,,,https://github.com/openrewrite/rewrite.git,46,14,32,2020-05-12T08:16:14,"[""abstract-syntax-tree"", ""ast"", ""code-search"", ""java"", ""refactoring"", ""refactoring-tools""]"
opentripplanner/opentripplanner,java,0,0,,,https://github.com/opentripplanner/opentripplanner.git,3,3,0,2011-07-18T04:15:38,[]
operator-framework/java-operator-sdk,java,0,0,,,https://github.com/operator-framework/java-operator-sdk.git,0,0,0,2019-05-25T05:11:25,"[""hacktoberfest"", ""java"", ""java-library"", ""kubernetes-operator""]"
oraxen/oraxen,java,1,1,f86095b922a33070d001e08a2e7d7a3f12357b98,f86095b922a33070d001e08a2e7d7a3f12357b98,https://github.com/oraxen/oraxen.git,10,7,3,2019-08-20T07:36:00,"[""java"", ""minecraft"", ""minecraft-plugin"", ""spigot"", ""spigot-plugin""]"
osbi/saiku,java,26,18,4140876f26832d42b81c5fa50dd492f768f03c5a,084cf4b26150d451838ee187e8d201f4925d918a,https://github.com/osbi/saiku.git,109,29,80,2011-10-05T08:15:06,[]
osudroid/osu-droid,java,0,0,,,https://github.com/osudroid/osu-droid.git,0,0,0,2020-03-21T08:39:39,"[""andengine"", ""android"", ""droid"", ""java"", ""mobile-app"", ""mobile-development"", ""mobilegame"", ""osu"", ""osu-droid"", ""osudroid"", ""osuforandroid"", ""osugame"", ""rhythm"", ""rhythm-game""]"
owasp/wrongsecrets,java,0,0,,,https://github.com/owasp/wrongsecrets.git,0,0,0,2020-08-19T05:59:51,"[""aws"", ""azure"", ""ctf"", ""devsecops"", ""docker"", ""gcp"", ""hashicorp-vault"", ""java"", ""keepass"", ""kubernetes"", ""owasp"", ""secrets"", ""secrets-management"", ""security"", ""terraform-aws"", ""terraform-azure"", ""terraform-gcp"", ""vault"", ""vulnerable-web-app""]"
pengrad/java-telegram-bot-api,java,0,0,,,https://github.com/pengrad/java-telegram-bot-api.git,0,0,0,2015-08-04T11:58:56,"[""bot"", ""telegram"", ""telegram-api"", ""telegram-bot"", ""telegram-bot-api""]"
pinpoint-apm/pinpoint,java,0,0,,,https://github.com/pinpoint-apm/pinpoint.git,0,0,0,2014-10-20T09:27:22,"[""agent"", ""apm"", ""distributed-tracing"", ""monitoring"", ""performance"", ""tracing""]"
plantuml/plantuml,java,0,0,,,https://github.com/plantuml/plantuml.git,3,1,2,2010-11-04T03:55:50,"[""diagram"", ""diagram-as-code"", ""diagrams"", ""diagrams-as-code"", ""java"", ""plantuml"", ""uml"", ""uml-diagram""]"
pnoker/iot-dc3,java,2,1,f9c21b5a7c5af1585a366ccbaea296efdfd8bac7,f9c21b5a7c5af1585a366ccbaea296efdfd8bac7,https://github.com/pnoker/iot-dc3.git,5,4,1,2018-08-28T01:01:37,"[""cloud-native"", ""data-collection"", ""device-management"", ""distributed-systems"", ""docker"", ""edge-computing"", ""grpc"", ""iiot"", ""iot"", ""java"", ""modbus"", ""mqtt"", ""plc"", ""robotics"", ""siemens"", ""spring-ai"", ""spring-cloud""]"
portfolio-performance/portfolio,java,0,0,,,https://github.com/portfolio-performance/portfolio.git,0,0,0,2012-03-24T09:43:08,"[""eclipse"", ""financial"", ""investment-portfolio"", ""java"", ""portfolio"", ""portfolio-performance"", ""stocks""]"
power721/alist-tvbox,java,6,5,edd186136de24da7d3b9544123eb0e051b839a60,e584e8bfcf45780e6a9ec86439887088de057127,https://github.com/power721/alist-tvbox.git,21,7,14,2022-11-06T07:36:51,[]
prestodb/presto,java,1,1,ccee37748054979b56129eca0b9afeeccaa4640b,ccee37748054979b56129eca0b9afeeccaa4640b,https://github.com/prestodb/presto.git,4,2,2,2012-08-09T01:03:37,"[""big-data"", ""data"", ""hadoop"", ""hive"", ""java"", ""lakehouse"", ""presto"", ""query"", ""sql""]"
prestosql/presto,java,2,1,a2ca08fecf22006dc43b5fc042c6318ed2e2e43e,a2ca08fecf22006dc43b5fc042c6318ed2e2e43e,https://github.com/prestosql/presto.git,5,3,2,2019-01-19T06:38:14,[]
primefaces/primefaces,java,0,0,,,https://github.com/primefaces/primefaces.git,1,1,0,2015-04-11T09:48:53,[]
prometheus/client_java,java,0,0,,,https://github.com/prometheus/client_java.git,4,3,1,2013-02-03T10:55:49,"[""instrumentation"", ""java"", ""metrics"", ""prometheus""]"
qiniu/android-sdk,java,0,0,,,https://github.com/qiniu/android-sdk.git,0,0,0,2012-08-06T01:34:03,[]
qlangtech/tis,java,0,0,,,https://github.com/qlangtech/tis.git,0,0,0,2019-01-23T01:44:33,"[""cdc"", ""chunjun"", ""dataops"", ""datax"", ""etl"", ""flink"", ""flink-streaming"", ""java""]"
quarkusio/quarkus,java,6,3,b33131e2e9de22ac137c823fdd3314f25583dd42,4085b94c247e1da15518d7dd33946ff58d0978d2,https://github.com/quarkusio/quarkus.git,49,16,33,2018-07-06T12:44:20,"[""cloud-native"", ""hacktoberfest"", ""java"", ""kubernetes"", ""reactive""]"
questdb/questdb,java,0,0,,,https://github.com/questdb/questdb.git,2,1,1,2014-04-28T11:29:15,"[""capital-markets"", ""cpp"", ""database"", ""financial-analysis"", ""grafana"", ""java"", ""kdb"", ""low-latency"", ""market-data"", ""olap"", ""parquet"", ""postgresql"", ""questdb"", ""real-time-analytics"", ""simd"", ""sql"", ""tick-data"", ""time-series"", ""time-series-database"", ""tsdb""]"
rabbitmq/rabbitmq-java-client,java,0,0,,,https://github.com/rabbitmq/rabbitmq-java-client.git,0,0,0,2010-09-20T10:43:18,"[""java"", ""rabbitmq""]"
randoop/randoop,java,0,0,,,https://github.com/randoop/randoop.git,0,0,0,2015-05-01T08:42:29,"[""java"", ""test"", ""test-automation"", ""test-automation-java"", ""testing"", ""testing-tools""]"
red5/red5-server,java,0,0,,,https://github.com/red5/red5-server.git,1,0,1,2013-11-19T05:04:10,"[""aac"", ""eclipse"", ""flash"", ""flv"", ""java"", ""live-streaming"", ""mp4"", ""red5"", ""red5-server"", ""red5pro"", ""streaming"", ""vod""]"
refactorfirst/RefactorFirst,java,0,0,,,https://github.com/refactorfirst/RefactorFirst.git,0,0,0,2020-10-01T01:48:21,"[""cycle-analysis"", ""cycle-detection"", ""java"", ""maven"", ""maven-plugin"", ""refactoring"", ""refactoring-tools"", ""report"", ""static-analysis""]"
researchxxl/syncthing-android,java,0,0,,,https://github.com/researchxxl/syncthing-android.git,0,0,0,2025-10-29T03:00:19,"[""file-synchronization""]"
rest-assured/rest-assured,java,2,2,292a10578dd4cb6d199a9cc4ef5e64df4984975f,eeed4998fa81662ceab2ad75a718d9db95baa48c,https://github.com/rest-assured/rest-assured.git,4,1,3,2010-10-21T08:35:43,"[""groovy"", ""http"", ""java"", ""json"", ""kotlin"", ""rest"", ""rest-api"", ""test"", ""test-automation"", ""xml""]"
returntocorp/semgrep,java,0,0,,,https://github.com/returntocorp/semgrep.git,13,0,13,2019-12-13T09:29:54,[]
rsksmart/rskj,java,0,0,,,https://github.com/rsksmart/rskj.git,4,3,1,2017-05-16T02:47:56,[]
rstudio/rstudio,java,0,0,,,https://github.com/rstudio/rstudio.git,8,4,4,2010-12-07T07:10:25,[]
sakaiproject/sakai,java,0,0,,,https://github.com/sakaiproject/sakai.git,2,2,0,2014-12-29T11:14:17,"[""education"", ""hacktoberfest"", ""java"", ""lms"", ""sakai"", ""sakai-cle"", ""tomcat"", ""vle""]"
schemacrawler/schemacrawler,java,0,0,,,https://github.com/schemacrawler/schemacrawler.git,0,0,0,2015-07-18T03:54:56,"[""database"", ""database-diagrams"", ""database-document"", ""database-documentation"", ""database-schema"", ""documentation"", ""driver"", ""e-r-diagram"", ""entity-relationship-diagram"", ""er-diagram"", ""java"", ""jdbc"", ""metadata-extraction"", ""reverse-engineering"", ""schema"", ""schemacrawler"", ""schemaspy""]"
seed4j/seed4j,java,0,0,,,https://github.com/seed4j/seed4j.git,0,0,0,2021-07-23T08:11:19,"[""generator"", ""hacktoberfest"", ""hexagonal-architecture"", ""java"", ""spring-boot"", ""typescript"", ""vuejs""]"
selenide/selenide,java,1,1,9f69159d4e6286dfabf7b07096f9efa4ea5a9c91,9f69159d4e6286dfabf7b07096f9efa4ea5a9c91,https://github.com/selenide/selenide.git,24,7,17,2012-02-07T11:44:33,[]
sirixdb/sirix,java,24,6,5f65cf7dcca34a7329a2cf2fefc04521f1d8e226,4b84e0a0c0fb7f191e8e9ad9f6cb3109584e5c12,https://github.com/sirixdb/sirix.git,18,6,12,2012-06-09T02:22:14,"[""comparison"", ""coroutines"", ""diff"", ""diff-algorithm"", ""diffing"", ""hacktoberfest"", ""hashing"", ""java"", ""json"", ""jsoniq"", ""keycloak"", ""kotlin"", ""snapshot"", ""ssd"", ""storage"", ""temporal-data"", ""versioning"", ""vertx"", ""xml"", ""xquery""]"
skadistats/clarity,java,0,0,,,https://github.com/skadistats/clarity.git,2,0,2,2013-12-25T09:27:19,[]
slackapi/java-slack-sdk,java,0,0,,,https://github.com/slackapi/java-slack-sdk.git,0,0,0,2016-07-02T12:29:59,"[""bolt"", ""chatbot"", ""java"", ""jvm-languages"", ""kotlin"", ""slack"", ""slack-api"", ""slack-app"", ""slack-bot"", ""socket-mode"", ""websocket"", ""websocket-client"", ""websockets""]"
smithy-lang/smithy,java,0,0,,,https://github.com/smithy-lang/smithy.git,0,0,0,2019-03-22T09:38:10,"[""smithy"", ""smithy-models""]"
soaring-xiongkulu/easyaiot,java,0,0,,,https://github.com/soaring-xiongkulu/easyaiot.git,0,0,0,2025-08-04T02:21:28,[]
sofastack/sofa-ark,java,0,0,,,https://github.com/sofastack/sofa-ark.git,0,0,0,2018-03-12T09:07:08,"[""classloader-isolation"", ""sofa-ark"", ""sofa-boot"", ""sofastack""]"
softinstigate/restheart,java,0,0,,,https://github.com/softinstigate/restheart.git,1,1,0,2014-11-16T06:01:01,"[""ai-agents"", ""data-persistence"", ""database"", ""docker"", ""framework"", ""graphql"", ""java"", ""mcp"", ""mcp-server"", ""microservice"", ""model-context-protocol"", ""mongodb"", ""nosql"", ""rest"", ""rest-api"", ""restheart"", ""webservice"", ""websockets""]"
sonarsource/sonar-java,java,1,1,1d35938c612dfc89c87cea2d7ef9c27143f6de84,1d35938c612dfc89c87cea2d7ef9c27143f6de84,https://github.com/sonarsource/sonar-java.git,23,15,8,2012-09-04T03:53:13,"[""analysis"", ""analyzer"", ""java"", ""language-team"", ""quality"", ""sonarcloud"", ""sonarlint"", ""sonarqube"", ""static-analysis"", ""static-analyzer"", ""static-code-analysis""]"
soulfiremc-com/SoulFire,java,0,0,,,https://github.com/soulfiremc-com/SoulFire.git,0,0,0,2021-07-18T08:51:24,"[""bot"", ""minecraft"", ""minecraft-bot"", ""minecraft-bot-attack"", ""minecraft-botting"", ""stress-testing""]"
spair/imgui-java,java,0,0,,,https://github.com/spair/imgui-java.git,1,0,1,2019-12-29T09:01:06,"[""binding"", ""dear-imgui"", ""dearimgui"", ""glfw"", ""gui"", ""imgui"", ""imgui-java"", ""java"", ""jni"", ""jvm"", ""lwjgl"", ""lwjgl3"", ""native"", ""opengl"", ""opengl3"", ""port"", ""ui""]"
spiculedata/saiku,java,0,0,,,https://github.com/spiculedata/saiku.git,0,0,0,2011-10-05T08:15:06,[]
spinnaker/spinnaker,java,15,1,aa01d1d89552b65f885b527e8aa61753ddfd0081,aa01d1d89552b65f885b527e8aa61753ddfd0081,https://github.com/spinnaker/spinnaker.git,1,0,1,2014-07-02T07:02:36,"[""continuous-delivery"", ""continuous-deployment"", ""spinnaker""]"
spockframework/spock,java,0,0,,,https://github.com/spockframework/spock.git,1,0,1,2010-12-12T07:02:34,"[""bdd-style-testing-framework"", ""groovy"", ""java"", ""spock-framework"", ""testing""]"
spotbugs/spotbugs,java,12,4,abb6351cb2723431e5427b0f7bd8af608e43b283,85a0cba538ee9a5e7b8f9ba3d38479c63cb5db47,https://github.com/spotbugs/spotbugs.git,11,1,10,2016-11-04T10:18:08,"[""code-analysis"", ""findbugs"", ""hacktoberfest"", ""linter"", ""static-analysis"", ""static-code-analysis""]"
spring-ai-alibaba/DataAgent,java,0,0,,,https://github.com/spring-ai-alibaba/DataAgent.git,2,2,0,2025-09-12T09:29:55,[]
spring-ai-alibaba/Lynxe,java,3,1,4ca3a1774da9fb5ad707089aa1dc51beeecef53a,4ca3a1774da9fb5ad707089aa1dc51beeecef53a,https://github.com/spring-ai-alibaba/Lynxe.git,1,0,1,2025-09-12T09:28:02,[]
spring-ai-community/spring-ai-agent-utils,java,0,0,,,https://github.com/spring-ai-community/spring-ai-agent-utils.git,0,0,0,2026-01-08T02:30:36,"[""agentic-patterns"", ""ai-agents"", ""ai-context-management"", ""ai-tools"", ""spring-ai""]"
spring-projects/spring-ai,java,0,0,,,https://github.com/spring-projects/spring-ai.git,0,0,0,2023-06-27T06:57:29,"[""artificial-intelligence"", ""java"", ""spring-ai""]"
spring-projects/spring-amqp,java,0,0,,,https://github.com/spring-projects/spring-amqp.git,0,0,0,2010-11-17T03:50:16,[]
spring-projects/spring-integration,java,0,0,,,https://github.com/spring-projects/spring-integration.git,0,0,0,2011-07-22T09:47:27,"[""eip"", ""java"", ""microservices"", ""spring""]"
spring-projects/spring-tools,java,0,0,,,https://github.com/spring-projects/spring-tools.git,0,0,0,2016-08-16T03:04:50,"[""eclipse"", ""spring"", ""spring-boot"", ""sts4"", ""theia"", ""visual-studio-code"", ""vscode-extension""]"
spring-projects/sts4,java,0,0,,,https://github.com/spring-projects/sts4.git,0,0,0,2016-08-16T03:04:50,"[""eclipse"", ""spring"", ""spring-boot"", ""sts4"", ""theia"", ""visual-studio-code"", ""vscode-extension""]"
stefan-niedermann/nextcloud-notes,java,0,0,,,https://github.com/stefan-niedermann/nextcloud-notes.git,0,0,0,2015-10-01T03:53:21,[]
strimzi/strimzi-kafka-operator,java,0,0,,,https://github.com/strimzi/strimzi-kafka-operator.git,0,0,0,2016-05-06T08:52:33,"[""data-stream"", ""data-streaming"", ""data-streams"", ""hacktoberfest"", ""kafka"", ""kafka-connect"", ""kafka-streams"", ""kubernetes"", ""kubernetes-controller"", ""kubernetes-operator"", ""messaging"", ""openshift""]"
stripe/stripe-java,java,0,0,,,https://github.com/stripe/stripe-java.git,2,2,0,2011-08-09T12:06:31,"[""java"", ""stripe"", ""stripe-sdk""]"
summersec/shiroattack2,java,0,0,,,https://github.com/summersec/shiroattack2.git,0,0,0,2021-06-13T03:44:13,"[""shiro"", ""shiro-security"", ""shiro550"", ""shiroexp""]"
ta-lib/ta-lib,java,0,0,,,https://github.com/ta-lib/ta-lib.git,115,0,115,2016-08-20T06:28:16,"[""financial"", ""series-analysis"", ""ta-lib"", ""technical-analysis""]"
tartaricacid/touhoulittlemaid,java,0,0,,,https://github.com/tartaricacid/touhoulittlemaid.git,0,0,0,2019-06-30T10:31:31,"[""forge"", ""java"", ""maid"", ""minecraft""]"
tencentmusic/supersonic,java,0,0,,,https://github.com/tencentmusic/supersonic.git,0,0,0,2023-06-12T07:23:28,[]
theonedev/onedev,java,0,0,,,https://github.com/theonedev/onedev.git,0,0,0,2018-11-06T02:57:01,"[""ci-cd"", ""devops"", ""git"", ""kanban"", ""packages"", ""self-hosted""]"
timefoldai/timefold-solver,java,0,0,,,https://github.com/timefoldai/timefold-solver.git,2,2,0,2023-03-28T02:33:35,"[""ai"", ""artificial-intelligence"", ""constraint-programming"", ""constraint-solver"", ""cvrp"", ""employee-scheduling"", ""java"", ""kotlin"", ""maintenance-scheduling"", ""operations-research"", ""optimization-algorithms"", ""planning-algorithms"", ""resource-allocation"", ""solver"", ""solver-library"", ""vehicle-routing"", ""vehicle-routing-problem"", ""vrp"", ""vrptw""]"
tomakehurst/wiremock,java,3,2,90457450f92dff5a8455d754f6af0a2617e247b7,ffee1e59f437bb92bf6c4ed0f3e1b7df1293ebcb,https://github.com/tomakehurst/wiremock.git,14,7,7,2011-10-09T08:27:24,[]
tony19/logback-android,java,1,1,e1e97ab8cbc63922f36236ab6ab4e4967dde602b,e1e97ab8cbc63922f36236ab6ab4e4967dde602b,https://github.com/tony19/logback-android.git,4,2,2,2011-06-29T06:47:06,"[""android"", ""java"", ""logback"", ""logging-library""]"
tornaco/thanox,java,0,0,,,https://github.com/tornaco/thanox.git,0,0,0,2019-12-14T11:54:54,"[""android-framework"", ""android-hooking"", ""jetpack-compose"", ""magisk-module"", ""xposed-module""]"
trackercontrol/tracker-control-android,java,1,1,4583b665e748df35eefcd568ee215f29e16e8b74,4583b665e748df35eefcd568ee215f29e16e8b74,https://github.com/trackercontrol/tracker-control-android.git,12,3,9,2019-11-10T05:33:18,"[""android"", ""privacy"", ""tracking-protection""]"
trekawek/coffee-gb,java,0,0,,,https://github.com/trekawek/coffee-gb.git,53,38,15,2017-01-06T12:38:41,"[""emulator"", ""gameboy"", ""gameboy-emulator"", ""z80""]"
trinodb/trino,java,0,0,,,https://github.com/trinodb/trino.git,0,0,0,2019-01-19T06:38:14,"[""analytics"", ""big-data"", ""data-science"", ""database"", ""databases"", ""datalake"", ""delta-lake"", ""distributed-database"", ""distributed-systems"", ""hadoop"", ""hive"", ""iceberg"", ""java"", ""jdbc"", ""presto"", ""prestodb"", ""query-engine"", ""sql"", ""trino""]"
triplea-game/triplea,java,0,0,,,https://github.com/triplea-game/triplea.git,0,0,0,2015-07-27T09:32:58,"[""free"", ""game"", ""good-first-issue"", ""opensource"", ""strategy"", ""strategy-game"", ""turn-based-strategy"", ""world-war-2""]"
tronprotocol/wallet-cli,java,5,2,c9233c1e7d65d0ae03e2fca205a79706405b3dad,3e31a386e46b3c9e1b8285d0b8e2b8a0e341c947,https://github.com/tronprotocol/wallet-cli.git,6,3,3,2018-01-31T01:07:40,[]
typetools/checker-framework,java,0,0,,,https://github.com/typetools/checker-framework.git,0,0,0,2015-07-03T11:09:17,"[""java"", ""types"", ""verification""]"
uber/nullaway,java,0,0,,,https://github.com/uber/nullaway.git,0,0,0,2017-09-01T05:35:57,"[""android"", ""java"", ""nullability"", ""nullability-analysis"", ""static-analysis"", ""static-code-analysis""]"
ulisesbocchio/jasypt-spring-boot,java,0,0,,,https://github.com/ulisesbocchio/jasypt-spring-boot.git,0,0,0,2015-05-27T02:00:55,"[""encryptable-properties"", ""encryption"", ""java"", ""java-8"", ""java8"", ""security"", ""spring"", ""spring-boot"", ""spring-boot-2"", ""spring-boot-starter"", ""spring-boot2"", ""web"", ""webapp"", ""website""]"
vaadin/flow,java,5,3,b2c4b9a91e353d3acfe08a45e22f61c4f6bab725,3a51a38ebccd02e4d08a94894a89711789f3a2ff,https://github.com/vaadin/flow.git,34,14,20,2015-04-29T05:54:35,"[""java"", ""vaadin"", ""vaadin-flow"", ""web-application-framework""]"
vaadin/hilla,java,0,0,,,https://github.com/vaadin/hilla.git,9,8,1,2021-04-27T01:25:07,"[""client-side"", ""frontend"", ""java"", ""lit"", ""lit-element"", ""react"", ""reactive"", ""reactjs"", ""stateless"", ""typescript"", ""vaadin""]"
valkey-io/valkey-glide,java,5,2,1f703590758604d2ac9dff80f9e9c3720d651aab,dfa1c96a43c202d2b366f1af822a6e5952d50d58,https://github.com/valkey-io/valkey-glide.git,28,19,9,2022-07-06T01:08:07,"[""cache"", ""csharp"", ""database"", ""fault-tolerance"", ""golang"", ""java"", ""javascript"", ""key-value"", ""kotlin"", ""nodejs"", ""open-source"", ""performance"", ""pubsub"", ""python"", ""reliability"", ""rust"", ""scala"", ""typescript"", ""valkey"", ""valkey-client""]"
vazkiimods/quark,java,0,0,,,https://github.com/vazkiimods/quark.git,0,0,0,2016-03-17T06:21:36,[]
viaversion/viabackwards,java,0,0,,,https://github.com/viaversion/viabackwards.git,0,0,0,2016-07-18T05:41:30,"[""bukkit"", ""bungeecord"", ""hacktoberfest"", ""java-edition"", ""minecraft"", ""spigot"", ""sponge"", ""viaversion""]"
viaversion/viafabricplus,java,0,0,,,https://github.com/viaversion/viafabricplus.git,0,0,0,2023-02-11T03:10:34,"[""alpha"", ""bedrock"", ""beta"", ""classic"", ""fabric"", ""java"", ""java-to-bedrock"", ""minecraft"", ""minecraft-alpha"", ""minecraft-proxy"", ""multiconnect"", ""protocol"", ""protocol-translator"", ""viaaprilfools"", ""viabedrock"", ""vialegacy"", ""viaversion""]"
viaversion/viaversion,java,0,0,,,https://github.com/viaversion/viaversion.git,0,0,0,2016-02-28T10:39:27,"[""bukkit"", ""bungeecord"", ""fabric"", ""hacktoberfest"", ""java"", ""java-edition"", ""minecraft"", ""paper"", ""plugin"", ""spigot"", ""sponge"", ""sponge-plugin"", ""velocity"", ""viaversion""]"
vladimir-bukhtoyarov/bucket4j,java,0,0,,,https://github.com/vladimir-bukhtoyarov/bucket4j.git,0,0,0,2014-10-12T02:19:18,[]
warmuuh/milkman,java,0,0,,,https://github.com/warmuuh/milkman.git,0,0,0,2019-03-27T01:42:47,"[""grpc"", ""hacktoberfest"", ""http"", ""milkman-plugins"", ""rest"", ""testing""]"
wayn111/waynboot-mall,java,0,0,,,https://github.com/wayn111/waynboot-mall.git,0,0,0,2020-04-25T08:34:27,"[""elasticsearch"", ""java"", ""jwt"", ""mall"", ""mybatis"", ""mysql8"", ""rabbitmq"", ""redis"", ""springboot2"", ""waynboot""]"
webbukkit/dynmap,java,0,0,,,https://github.com/webbukkit/dynmap.git,0,0,0,2010-12-27T06:47:24,"[""fabricmc-mod"", ""forge-mod"", ""minecraft-mod"", ""papermc-plugins"", ""spigotmc-plugins""]"
wechat-group/wxjava,java,14,11,0854e4d971de8e63dd8f6ae745293e8b7478ea6f,fab98621c0901e31deee89d878f32ba3775ca2d5,https://github.com/wechat-group/wxjava.git,95,10,85,2016-01-06T08:24:05,"[""cp"", ""hacktoberfest"", ""java"", ""miniapp"", ""miniprogram"", ""mp"", ""open"", ""sdk"", ""weapp"", ""wechat"", ""wechat-sdk"", ""weixin"", ""weixin-sdk"", ""wxjava"", ""wxpay""]"
weizhiqiang1995/erp-pro,java,0,0,,,https://github.com/weizhiqiang1995/erp-pro.git,0,0,0,2019-10-12T01:26:35,"[""apollo"", ""duplex"", ""erp"", ""privileges"", ""websocket""]"
wfql1024/MultiWeChatManager,java,0,0,,,https://github.com/wfql1024/MultiWeChatManager.git,0,0,0,2024-07-29T03:54:46,"[""python"", ""qq"", ""tool"", ""wechat"", ""weixin"", ""wxwork""]"
williamfiset/algorithms,java,0,0,,,https://github.com/williamfiset/algorithms.git,42,22,20,2017-03-18T02:50:46,"[""adjacency"", ""adjacency-matrix"", ""algorithm"", ""algorithms"", ""dijkstra"", ""dynamic-programming"", ""edmonds-karp-algorithm"", ""geometry"", ""graph-theory"", ""linear-algebra"", ""mathematics"", ""matrix-multiplication"", ""maxflow"", ""nlog"", ""search-algorithm"", ""search-algorithms"", ""sorting-algorithms"", ""strings"", ""traveling-salesman"", ""tree-algorithms""]"
wiremock/wiremock,java,0,0,,,https://github.com/wiremock/wiremock.git,0,0,0,2011-10-09T08:27:24,"[""apis"", ""hacktoberfest"", ""http"", ""java"", ""json"", ""mock-server"", ""mocking"", ""rest"", ""stubbing"", ""wiremock"", ""xml""]"
wso2/product-apim,java,0,0,,,https://github.com/wso2/product-apim.git,9,7,2,2014-06-11T08:05:00,"[""api-gateway"", ""api-management"", ""apis"", ""gateway"", ""microservices"", ""rest"", ""synapse""]"
xerial/snappy-java,java,0,0,,,https://github.com/xerial/snappy-java.git,1,0,1,2012-09-06T01:30:21,[]
xipki/xipki,java,0,0,,,https://github.com/xipki/xipki.git,0,0,0,2014-03-29T08:16:04,"[""acme"", ""ca"", ""certificate"", ""certificate-authority"", ""certification-authority"", ""cmp"", ""crl"", ""est"", ""hsm"", ""mldsa"", ""mlkem"", ""ocsp"", ""ocsp-responder"", ""pkcs11"", ""pki"", ""rest-api""]"
yahoo/athenz,java,2,1,245d63cff8cc5c03eb19cd39d8413e9d4c2ebd7c,245d63cff8cc5c03eb19cd39d8413e9d4c2ebd7c,https://github.com/yahoo/athenz.git,6,4,2,2016-11-16T06:23:08,[]
zeebe-io/zeebe,java,90,52,44e2200e3a432fe6189283cf901177739b189fce,7ebc1b2c26502d6f387d5c9749690a5154666bba,https://github.com/zeebe-io/zeebe.git,886,539,347,2016-03-20T03:38:04,[]
zhangdaiscott/jeecg-boot,java,0,0,,,https://github.com/zhangdaiscott/jeecg-boot.git,0,0,0,2018-11-26T10:40:00,[]
